Date,Open Price,High Price,Low Price,Close Price,WAP,No.of Shares,No. of Trades,Total Turnover (Rs.),Deliverable Quantity,% Deli. Qty to Traded Qty,Spread High-Low,Spread Close-Open
31-July-2018,3210.0,3303.45,3190.05,3293.8,3265.7253785083967,33883,2563,110652573.0,11830.0,34.91,113.4,83.8
30-July-2018,3181.6,3227.05,3180.0,3205.0,3200.8751421559814,16707,1485,53477021.0,4757.0,28.47,47.05,23.4
27-July-2018,3157.85,3230.0,3136.3,3193.8,3197.8727507299527,44181,3350,141285216.0,10820.0,24.49,93.7,35.95
26-July-2018,3052.1,3187.65,3052.1,3137.7,3121.662639948442,66721,6350,208280453.0,14685.0,22.01,135.55,85.6
25-July-2018,3141.85,3199.0,3071.1,3111.95,3131.932761364423,72265,6086,226329121.0,14414.0,19.95,127.9,-29.9
24-July-2018,3185.6,3208.0,3037.1,3101.45,3125.6073886648423,115799,7913,361942210.0,39044.0,33.72,170.9,-84.15
23-July-2018,3385.1,3385.1,3094.0,3163.9,3185.0981912605853,112067,8915,356944399.0,26604.0,23.74,291.1,-221.2
20-July-2018,3462.0,3489.75,3323.0,3373.15,3386.703752988876,48095,3435,162883517.0,14610.0,30.38,166.75,-88.85
19-July-2018,3510.0,3510.0,3446.05,3458.9,3476.4220615620557,9129,968,31736257.0,3630.0,39.76,63.95,-51.1
18-July-2018,3505.0,3514.8,3476.7,3501.5,3496.56575940162,9626,866,33657942.0,3018.0,31.35,38.1,-3.5
17-July-2018,3415.0,3510.0,3400.0,3479.55,3472.458733907722,30061,3518,104385582.0,11025.0,36.68,110.0,64.55
16-July-2018,3470.0,3471.0,3415.0,3423.85,3430.5008628565624,9851,1100,33793864.0,3949.0,40.09,56.0,-46.15
13-July-2018,3505.0,3520.0,3439.0,3460.6,3468.942752072013,18219,1251,63200668.0,6227.0,34.18,81.0,-44.4
12-July-2018,3551.0,3576.95,3485.0,3498.05,3540.605271362137,76982,2959,272562875.0,10882.0,14.14,91.95,-52.95
11-July-2018,3552.05,3579.4,3526.15,3540.7,3542.2567306262085,33615,2025,119072960.0,11726.0,34.88,53.25,-11.35
10-July-2018,3629.25,3695.0,3570.5,3592.15,3597.199320738697,28266,2366,101678436.0,11205.0,39.64,124.5,-37.1
9-July-2018,3690.0,3690.0,3608.3,3622.2,3635.4294418118043,16249,1254,59072093.0,6170.0,37.97,81.7,-67.8
6-July-2018,3518.0,3665.0,3489.65,3636.7,3623.32473093392,43205,3745,156545745.0,14828.0,34.32,175.35,118.7
5-July-2018,3484.65,3517.2,3458.95,3502.7,3495.256527018821,13176,1752,46053500.0,4905.0,37.23,58.25,18.05
4-July-2018,3450.0,3480.0,3417.4,3468.45,3453.0826276412067,12163,1060,41999844.0,2664.0,21.9,62.6,18.45
3-July-2018,3450.0,3483.8,3444.0,3453.5,3463.92565055762,15871,1241,54975964.0,3456.0,21.78,39.8,3.5
2-July-2018,3819.0,3819.0,3394.8,3413.6,3464.6234985318974,22478,1866,77877807.0,5919.0,26.33,424.2,-405.4
29-June-2018,3528.6,3531.0,3460.0,3472.05,3491.9759134702776,11002,1365,38418719.0,4775.0,43.4,71.0,-56.55
28-June-2018,3522.2,3545.3,3476.6,3513.85,3507.8947472745285,15135,1745,53091987.0,6327.0,41.8,68.7,-8.35
27-June-2018,3609.0,3609.0,3522.05,3538.05,3544.6827636576095,34230,1984,121334491.0,25597.0,74.78,86.95,-70.95
26-June-2018,3573.0,3577.1,3536.45,3567.6,3556.5779702970294,12120,1516,43105725.0,3925.0,32.38,40.65,-5.4
25-June-2018,3640.1,3640.1,3571.05,3585.15,3588.944878148123,14731,1656,52868747.0,5190.0,35.23,69.05,-54.95
22-June-2018,3620.0,3650.05,3602.15,3640.1,3628.845604979505,13174,1467,47806412.0,4502.0,34.17,47.9,20.1
21-June-2018,3660.0,3673.7,3621.0,3631.55,3647.5754169688184,8274,557,30180039.0,1614.0,19.51,52.7,-28.45
20-June-2018,3655.0,3675.6,3643.9,3658.05,3657.2940637176257,8726,568,31913548.0,1859.0,21.3,31.7,3.05
19-June-2018,3671.0,3671.0,3625.5,3655.65,3645.3091844389673,9331,632,34014380.0,2052.0,21.99,45.5,-15.35
18-June-2018,3676.4,3698.2,3655.05,3668.7,3674.1645233885224,12442,776,45713955.0,2547.0,20.47,43.15,-7.7
15-June-2018,3720.6,3720.6,3655.0,3689.15,3678.52800283573,19748,686,72643571.0,11234.0,56.89,65.6,-31.45
14-June-2018,3694.75,3706.75,3632.95,3684.1,3688.937791701299,15641,528,57698676.0,10719.0,68.53,73.8,-10.65
13-June-2018,3672.05,3715.0,3672.05,3698.9,3697.3729101728522,21174,689,78288174.0,15916.0,75.17,42.95,26.85
12-June-2018,3612.05,3715.0,3602.55,3688.75,3656.4712395925785,23661,1571,86515766.0,11606.0,49.05,112.45,76.7
11-June-2018,3676.0,3677.4,3602.5,3612.55,3623.708185053381,9554,589,34620908.0,3723.0,38.97,74.9,-63.45
8-June-2018,3650.0,3655.0,3608.0,3634.4,3631.7431026684762,8844,706,32119136.0,3512.0,39.71,47.0,-15.6
7-June-2018,3660.0,3680.0,3629.25,3657.05,3652.8179735422364,13531,1338,49426280.0,4710.0,34.81,50.75,-2.95
6-June-2018,3622.75,3652.0,3599.1,3638.9,3620.700232852182,174789,1038,632858573.0,166181.0,95.08,52.9,16.15
5-June-2018,3612.0,3629.0,3569.0,3608.65,3583.0633707453085,425354,1123,1524070337.0,418119.0,98.3,60.0,-3.35
4-June-2018,3641.0,3678.05,3599.75,3612.0,3627.6667777037524,18012,1633,65341534.0,4318.0,23.97,78.3,-29.0
1-June-2018,3547.0,3633.25,3547.0,3623.75,3608.901589989651,21258,1876,76718030.0,2604.0,12.25,86.25,76.75
31-May-2018,3575.0,3620.9,3500.0,3547.25,3550.8756453145,24213,1790,85977352.0,10332.0,42.67,120.9,-27.75
30-May-2018,3613.1,3624.0,3530.1,3606.85,3584.8447464155793,9346,965,33503959.0,2102.0,22.49,93.9,-6.25
29-May-2018,3660.0,3660.0,3565.6,3612.35,3599.7851566794943,9095,782,32740046.0,3277.0,36.03,94.4,-47.65
28-May-2018,3556.1,3621.85,3538.45,3596.85,3586.7235168299003,8883,1007,31860865.0,2022.0,22.76,83.4,40.75
25-May-2018,3473.15,3573.3,3464.7,3550.7,3545.196910185912,22914,962,81234642.0,14600.0,63.72,108.6,77.55
24-May-2018,3487.6,3500.8,3451.15,3486.25,3472.740228348076,19444,905,67523961.0,12350.0,63.52,49.65,-1.35
23-May-2018,3480.0,3486.95,3453.0,3482.15,3477.2866273353,6102,833,21218403.0,2850.0,46.71,33.95,2.15
22-May-2018,3465.0,3520.0,3410.0,3509.3,3498.880300922348,19407,1209,67902770.0,7042.0,36.29,110.0,44.3
21-May-2018,3570.0,3573.3,3470.0,3495.0,3499.929189146302,25208,1683,88226215.0,14243.0,56.5,103.3,-75.0
18-May-2018,3549.75,3567.45,3538.35,3561.75,3556.431257344301,9361,1728,33291753.0,5132.0,54.82,29.1,12.0
17-May-2018,3597.0,3686.0,3535.9,3554.45,3558.396906043831,13187,1303,46924580.0,4915.0,37.27,150.1,-42.55
16-May-2018,3617.1,3635.0,3500.0,3576.4,3554.3903791319035,18938,2000,67313045.0,4601.0,24.3,135.0,-40.7
15-May-2018,3646.35,3661.75,3635.0,3653.25,3652.1413130832693,60971,1394,222674708.0,50192.0,82.32,26.75,6.9
14-May-2018,3645.0,3657.5,3620.6,3649.35,3647.8160258387616,110222,1142,402069578.0,103647.0,94.03,36.9,4.35
11-May-2018,3630.3,3643.5,3592.95,3616.15,3610.661150152451,61331,868,221445459.0,55239.0,90.07,50.55,-14.15
10-May-2018,3655.15,3664.0,3625.45,3643.25,3644.572536766687,18563,1604,67654200.0,6323.0,34.06,38.55,-11.9
9-May-2018,3670.0,3685.55,3638.05,3657.35,3659.3293024021054,121560,3145,444828070.0,105666.0,86.92,47.5,-12.65
8-May-2018,3652.85,3674.4,3645.0,3656.65,3658.1041744664926,10684,821,39083185.0,5103.0,47.76,29.4,3.8
7-May-2018,3650.0,3675.0,3625.85,3655.05,3668.3298584939203,70315,1041,257938614.0,63661.0,90.54,49.15,5.05
4-May-2018,3657.0,3669.95,3648.05,3659.8,3659.800875801669,58004,665,212283090.0,55337.0,95.4,21.9,2.8
3-May-2018,3670.0,3683.0,3640.0,3657.1,3663.701884552604,13478,1530,49379374.0,4792.0,35.55,43.0,-12.9
2-May-2018,3769.0,3775.0,3642.1,3662.3,3707.669335391145,41468,4439,153749632.0,10985.0,26.49,132.9,-106.7
30-April-2018,3728.7,3748.45,3717.5,3733.7,3731.6048562593055,8731,614,32580642.0,4838.0,55.41,30.95,5.0
27-April-2018,3786.6,3786.6,3703.5,3715.0,3744.756820812435,36286,996,135882246.0,27725.0,76.41,83.1,-71.6
26-April-2018,3718.15,3785.0,3660.0,3756.9,3710.3323400525846,11410,1515,42334892.0,4508.0,39.51,125.0,38.75
25-April-2018,3755.0,3755.0,3703.05,3717.9,3719.379531446748,60356,1039,224486871.0,51947.0,86.07,51.95,-37.1
24-April-2018,3770.0,3770.0,3710.0,3719.6,3721.700145296041,5506,524,20491681.0,2077.0,37.72,60.0,-50.4
23-April-2018,3744.8,3744.8,3695.0,3717.75,3712.4938030006524,6132,617,22765012.0,2277.0,37.13,49.8,-27.05
20-April-2018,3733.9,3778.6,3695.0,3744.8,3732.278502213183,8359,659,31198116.0,4132.0,49.43,83.6,10.9
19-April-2018,3755.1,3766.65,3712.75,3729.25,3738.0825195312495,6144,541,22966779.0,1078.0,17.55,53.9,-25.85
18-April-2018,3786.65,3862.0,3730.0,3741.95,3755.001680436914,7141,727,26814467.0,2479.0,34.72,132.0,-44.7
17-April-2018,3820.95,3820.95,3760.0,3770.0,3782.3982403334103,4319,432,16336178.0,1054.0,24.4,60.95,-50.95
16-April-2018,3750.0,3809.0,3721.6,3798.05,3790.1103174603168,13860,969,52530929.0,3612.0,26.06,87.4,48.05
13-April-2018,3766.0,3769.65,3700.05,3729.5,3711.8306590707157,38266,1016,142036912.0,33654.0,87.95,69.6,-36.5
12-April-2018,3758.6,3782.75,3731.1,3745.7,3752.9756678577514,5877,704,22056238.0,1724.0,29.33,51.65,-12.9
11-April-2018,3750.0,3760.0,3686.0,3728.8,3702.7397866646374,78843,709,291935113.0,71843.0,91.12,74.0,-21.2
10-April-2018,3800.0,3813.0,3704.05,3720.8,3733.3624336069524,31065,1478,115976904.0,23947.0,77.09,108.95,-79.2
9-April-2018,3789.0,3804.0,3760.35,3788.3,3793.114919963756,6622,729,25118007.0,2206.0,33.31,43.65,-0.7
6-April-2018,3800.0,3800.0,3750.6,3782.4,3774.860969280992,11947,872,45098264.0,4433.0,37.11,49.4,-17.6
5-April-2018,3699.0,3800.0,3696.0,3784.15,3748.280895609189,34390,4341,128903380.0,10354.0,30.11,104.0,85.15
4-April-2018,3665.0,3693.0,3636.35,3669.95,3671.5569360339673,28734,1761,105498517.0,16619.0,57.84,56.65,4.95
3-April-2018,3654.0,3684.6,3624.95,3640.3,3641.089057186324,89392,2025,325484233.0,70209.0,78.54,59.65,-13.7
2-April-2018,3510.0,3652.0,3510.0,3640.65,3591.4153293264767,16139,1537,57961852.0,2576.0,15.96,142.0,130.65
28-March-2018,3450.0,3575.0,3440.05,3545.5,3511.037666632221,19354,1709,67952623.0,4186.0,21.63,134.95,95.5
27-March-2018,3528.6,3528.6,3440.0,3465.85,3463.2812956140956,28774,1657,99652456.0,19250.0,66.9,88.6,-62.75
26-March-2018,3415.0,3491.9,3366.5,3481.0,3424.4617257742257,16016,1556,54846179.0,6165.0,38.49,125.4,66.0
23-March-2018,3461.0,3461.0,3353.75,3414.65,3402.508175211264,147091,1965,500478330.0,133908.0,91.04,107.25,-46.35
22-March-2018,3472.35,3486.35,3440.0,3454.85,3459.802972523712,10227,1160,35383405.0,3151.0,30.81,46.35,-17.5
21-March-2018,3530.0,3530.0,3460.0,3469.35,3489.7897097262344,72690,2697,253672814.0,57956.0,79.73,70.0,-60.65
20-March-2018,3510.0,3594.0,3500.0,3513.25,3513.899683210137,5682,787,19965978.0,2290.0,40.3,94.0,3.25
19-March-2018,3555.0,3555.7,3438.85,3512.4,3508.9234437750993,15936,1276,55918204.0,6363.0,39.93,116.85,-42.6
16-March-2018,3643.5,3652.8,3529.35,3546.05,3587.42361323935,13052,1853,46823053.0,5818.0,44.58,123.45,-97.45
15-March-2018,3628.1,3686.7,3628.1,3643.2,3655.401982829108,9784,1041,35764453.0,2746.0,28.07,58.6,15.1
14-March-2018,3688.0,3688.0,3625.2,3635.45,3644.7922480620164,9030,878,32912474.0,2877.0,31.86,62.8,-52.55
13-March-2018,3690.0,3728.0,3682.0,3701.3,3700.080863402061,9312,1039,34455153.0,2327.0,24.99,46.0,11.3
12-March-2018,3600.0,3709.8,3600.0,3685.8,3650.9561492963485,14709,1270,53701914.0,5408.0,36.77,109.8,85.8
9-March-2018,3600.0,3665.45,3581.05,3587.0,3625.2964740740736,16875,1471,61176878.0,3555.0,21.07,84.4,-13.0
8-March-2018,3562.45,3597.3,3543.2,3585.65,3568.2764898086198,6427,806,22933313.0,3613.0,56.22,54.1,23.2
7-March-2018,3555.05,3571.0,3515.75,3562.1,3545.9423981928844,15937,1838,56511684.0,10271.0,64.45,55.25,7.05
6-March-2018,3580.0,3594.75,3538.15,3569.9,3574.761610687504,15869,905,56727892.0,9123.0,57.49,56.6,-10.1
5-March-2018,3599.9,3599.9,3536.4,3557.6,3555.65790773486,40492,1977,143975700.0,27259.0,67.32,63.5,-42.3
1-March-2018,3620.0,3630.0,3566.1,3579.45,3578.400729828355,7399,597,26476587.0,3498.0,47.28,63.9,-40.55
28-February-2018,3553.0,3615.9,3539.3,3600.55,3596.0071386579325,11907,1177,42817657.0,4715.0,39.6,76.6,47.55
27-February-2018,3586.0,3600.0,3545.7,3587.95,3576.39383033419,7780,832,27824344.0,2870.0,36.89,54.3,1.95
26-February-2018,3509.25,3549.95,3509.25,3540.35,3538.5734584080565,14498,961,51302238.0,8295.0,57.21,40.7,31.1
23-February-2018,3450.0,3505.6,3450.0,3498.65,3488.7536626916526,8805,715,30718476.0,2931.0,33.29,55.6,48.65
22-February-2018,3508.9,3508.9,3463.2,3482.35,3480.9275917065393,9405,789,32738124.0,4507.0,47.92,45.7,-26.55
21-February-2018,3498.6,3508.05,3460.6,3490.4,3486.1173742704077,12507,913,43600870.0,8470.0,67.72,47.45,-8.2
20-February-2018,3480.45,3516.65,3445.35,3483.9,3491.851692520254,31846,1721,111201509.0,21689.0,68.11,71.3,3.45
19-February-2018,3500.0,3514.4,3441.75,3460.15,3473.6199242014077,9235,969,32078880.0,3332.0,36.08,72.65,-39.85
16-February-2018,3533.05,3557.85,3480.0,3493.1,3516.859298928919,10270,982,36118145.0,4370.0,42.55,77.85,-39.95
15-February-2018,3580.0,3580.0,3522.0,3533.15,3548.0606897780945,11221,957,39812789.0,4378.0,39.02,58.0,-46.85
14-February-2018,3621.0,3626.9,3569.55,3599.85,3599.1341634678397,10681,947,38442352.0,3544.0,33.18,57.35,-21.15
12-February-2018,3530.1,3658.45,3530.1,3619.35,3603.3497567954228,17475,2619,62968537.0,8822.0,50.48,128.35,89.25
9-February-2018,3546.0,3577.0,3533.0,3546.05,3553.4354804867808,9532,1949,33871347.0,4518.0,47.4,44.0,0.05
8-February-2018,3586.6,3615.7,3558.4,3585.25,3592.0061794564604,15859,2094,56965626.0,7393.0,46.62,57.3,-1.35
7-February-2018,3606.0,3799.9,3546.0,3564.3,3579.7244187141114,21246,1955,76054825.0,7141.0,33.61,253.9,-41.7
6-February-2018,3598.0,3598.0,3475.0,3542.65,3528.356521739131,21850,3335,77094590.0,5499.0,25.17,123.0,-55.35
5-February-2018,3624.0,3690.0,3388.0,3634.05,3590.4957603750167,29012,3481,104167463.0,11400.0,39.29,302.0,10.05
2-February-2018,3734.4,3753.5,3615.05,3623.65,3680.306929277403,55951,4477,205916853.0,39789.0,71.11,138.45,-110.75
1-February-2018,3720.0,3743.95,3694.85,3734.4,3725.7580372250427,22458,3270,83673074.0,8830.0,39.32,49.1,14.4
31-January-2018,3686.05,3745.5,3685.55,3691.6,3710.121493232948,22314,3471,82787651.0,7332.0,32.86,59.95,5.55
30-January-2018,3660.0,3697.0,3655.0,3688.5,3675.4261003441407,22084,3290,81168110.0,8363.0,37.87,42.0,28.5
29-January-2018,3550.3,3654.0,3523.95,3640.0,3602.4246238425926,20736,4218,74699877.0,10358.0,49.95,130.05,89.7
25-January-2018,3641.15,3656.2,3550.0,3569.6,3587.583545289385,19265,2589,69114797.0,7792.0,40.45,106.2,-71.55
24-January-2018,3606.0,3646.35,3600.05,3640.5,3627.4862320753055,11367,1455,41233636.0,3123.0,27.47,46.3,34.5
23-January-2018,3585.1,3632.5,3585.1,3623.1,3622.125514569376,12389,1197,44874513.0,4253.0,34.33,47.4,38.0
22-January-2018,3603.2,3620.0,3589.9,3602.8,3605.007325112929,8191,641,29528615.0,2826.0,34.5,30.1,-0.4
19-January-2018,3592.2,3613.0,3555.05,3590.75,3577.6724563096377,9327,1053,33368951.0,3277.0,35.13,57.95,-1.45
18-January-2018,3575.05,3642.0,3575.05,3592.2,3610.4429791822176,36171,1045,130593333.0,25256.0,69.82,66.95,17.15
17-January-2018,3618.95,3618.95,3530.0,3566.05,3537.9602054086204,225307,2539,797127200.0,212301.0,94.23,88.95,-52.9
16-January-2018,3630.0,3665.35,3586.55,3594.85,3612.601305250668,10113,777,36534237.0,4223.0,41.76,78.8,-35.15
15-January-2018,3695.0,3700.0,3611.05,3627.75,3635.9420601463476,141854,1996,515772925.0,121038.0,85.33,88.95,-67.25
12-January-2018,3722.55,3727.25,3653.05,3685.8,3689.6005793952563,11046,882,40755328.0,3665.0,33.18,74.2,-36.75
11-January-2018,3775.0,3775.0,3700.55,3706.0,3714.045783885072,16010,1108,59461873.0,7952.0,49.67,74.45,-69.0
10-January-2018,3750.0,3753.25,3718.25,3732.2,3729.851735563269,63380,1188,236398003.0,52870.0,83.42,35.0,-17.8
9-January-2018,3790.35,3802.9,3742.9,3751.85,3763.8093590519848,11561,671,43513400.0,4994.0,43.2,60.0,-38.5
8-January-2018,3740.55,3800.0,3740.55,3790.35,3778.830756629466,9767,687,36907840.0,3384.0,34.65,59.45,49.8
5-January-2018,3740.0,3765.9,3726.1,3739.3,3738.2131573252545,9242,677,34548566.0,3051.0,33.01,39.8,-0.7
4-January-2018,3755.0,3755.0,3720.0,3738.5,3731.604331823329,14128,1064,52720106.0,6860.0,48.56,35.0,-16.5
3-January-2018,3743.0,3768.85,3736.05,3751.45,3746.1296588755526,25328,660,94881972.0,19530.0,77.11,32.8,8.45
2-January-2018,3780.5,3783.45,3723.05,3747.45,3751.008303332946,17222,1312,64599865.0,4947.0,28.72,60.4,-33.05
1-January-2018,3790.15,3806.85,3755.3,3768.8,3770.6765853215998,11023,663,41564168.0,3889.0,35.28,51.55,-21.35
29-December-2017,3717.0,3807.3,3717.0,3786.3,3766.120129650888,14809,1184,55772473.0,5905.0,39.87,90.3,69.3
28-December-2017,3760.0,3788.0,3656.85,3713.5,3736.9602786731834,28851,1542,107815041.0,12740.0,44.16,131.15,-46.5
27-December-2017,3808.0,3833.1,3756.25,3779.35,3789.5502809819586,6762,694,25624939.0,2074.0,30.67,76.85,-28.65
26-December-2017,3787.0,3830.0,3746.6,3804.65,3783.8335637268456,10851,922,41058378.0,2512.0,23.15,83.4,17.65
22-December-2017,3809.05,3833.95,3772.2,3785.95,3795.445851877211,17526,1151,66518984.0,3338.0,19.05,61.75,-23.1
21-December-2017,3790.0,3820.0,3765.45,3809.0,3798.874659514729,23863,2326,90652546.0,9259.0,38.8,54.55,19.0
20-December-2017,3703.1,3792.0,3700.0,3740.6,3766.7542437508823,106215,2639,400085802.0,73259.0,68.97,92.0,37.5
19-December-2017,3530.0,3704.75,3530.0,3696.8,3634.216553978273,62414,2668,226825992.0,30751.0,49.27,174.75,166.8
18-December-2017,3500.0,3549.0,3438.0,3530.85,3499.8025267084954,11794,1344,41276671.0,3301.0,27.99,111.0,30.85
15-December-2017,3478.0,3513.05,3469.15,3502.0,3489.5247167868165,9710,1363,33883285.0,4321.0,44.5,43.9,24.0
14-December-2017,3423.0,3467.9,3418.85,3454.45,3441.4328818309195,10705,725,36840539.0,4101.0,38.31,49.05,31.45
13-December-2017,3442.0,3487.75,3410.0,3421.85,3447.0858585858587,12474,1170,42998949.0,2924.0,23.44,77.75,-20.15
12-December-2017,3504.0,3530.5,3434.0,3444.95,3470.759322033898,15045,2658,52217574.0,5757.0,38.27,96.5,-59.05
11-December-2017,3519.0,3547.2,3502.0,3514.55,3515.406678082192,8176,775,28741965.0,3035.0,37.12,45.2,-4.45
8-December-2017,3556.45,3564.6,3502.0,3513.05,3514.3666222491424,123825,2063,435166447.0,109205.0,88.19,62.6,-43.4
7-December-2017,3502.6,3569.0,3502.6,3555.4,3548.592394145321,7652,661,27153829.0,2797.0,36.55,66.4,52.8
6-December-2017,3510.0,3519.0,3473.7,3500.35,3494.4105001816633,16514,1764,57706695.0,5617.0,34.01,45.3,-9.65
5-December-2017,3580.1,3588.95,3513.05,3522.15,3533.953611163493,15909,2118,56221668.0,6096.0,38.32,75.9,-57.95
4-December-2017,3614.4,3626.85,3596.35,3605.6,3611.2889796960794,7831,806,28280004.0,2713.0,34.64,30.5,-8.8
1-December-2017,3642.0,3680.0,3571.0,3606.95,3627.217284814556,17148,1444,62199522.0,11455.0,66.8,109.0,-35.05
30-November-2017,3650.0,3677.45,3636.0,3642.3,3651.0993813610053,5011,470,18295659.0,1427.0,28.48,41.45,-7.7
29-November-2017,3665.55,3692.5,3647.0,3656.85,3671.178236149676,7563,833,27765121.0,3497.0,46.24,45.5,-8.7
28-November-2017,3640.1,3679.9,3640.1,3673.85,3669.6713459950442,7266,608,26663832.0,3531.0,48.6,39.8,33.75
27-November-2017,3656.0,3670.1,3607.25,3654.7,3648.807869496262,13241,857,48313865.0,3064.0,23.14,62.85,-1.3
24-November-2017,3679.2,3694.9,3645.2,3654.65,3658.507592737869,35692,716,130579453.0,30807.0,86.31,49.7,-24.55
23-November-2017,3666.65,3693.0,3645.2,3679.1,3676.6442252715838,6996,458,25721803.0,2286.0,32.68,47.8,12.45
22-November-2017,3699.9,3700.0,3644.5,3661.85,3672.8495149798264,11649,1339,42785024.0,4068.0,34.92,55.5,-38.05
21-November-2017,3665.0,3692.95,3664.9,3680.5,3682.0516861548895,5901,581,21727787.0,2032.0,34.43,28.05,15.5
20-November-2017,3605.5,3685.8,3605.5,3658.5,3653.9705101739896,10173,1494,37171842.0,4162.0,40.91,80.3,53.0
17-November-2017,3666.0,3694.45,3625.0,3634.6,3654.4070198184845,10798,1177,39460287.0,4081.0,37.79,69.45,-31.4
16-November-2017,3670.0,3686.75,3636.85,3661.6,3665.733370084528,10884,794,39897842.0,3788.0,34.8,49.9,-8.4
15-November-2017,3640.0,3709.95,3640.0,3675.5,3676.491876783322,17173,1512,63136395.0,6926.0,40.33,69.95,35.5
14-November-2017,3555.1,3660.0,3555.1,3653.65,3635.863131638236,12428,1042,45186507.0,2141.0,17.23,104.9,98.55
13-November-2017,3610.0,3627.75,3570.1,3583.5,3590.759391345697,10515,1924,37756835.0,5314.0,50.54,57.65,-26.5
10-November-2017,3591.15,3635.0,3555.0,3606.4,3591.557112278653,10278,1026,36914024.0,3338.0,32.48,80.0,15.25
9-November-2017,3636.0,3654.95,3592.0,3603.95,3616.9586068019084,13408,1296,48496181.0,3203.0,23.89,62.95,-32.05
8-November-2017,3681.1,3715.0,3621.5,3632.0,3655.8406283092127,11332,1147,41427986.0,4164.0,36.75,93.5,-49.1
7-November-2017,3692.0,3727.0,3677.05,3681.7,3693.5739650974024,9856,793,36403865.0,2761.0,28.01,49.95,-10.3
6-November-2017,3692.0,3713.85,3662.05,3691.4,3695.4412926755135,9871,1193,36477701.0,4370.0,44.27,51.8,-0.6
3-November-2017,3825.0,3825.0,3682.5,3690.8,3710.3519912500797,15543,1532,57670001.0,5384.0,34.64,142.5,-134.2
2-November-2017,3745.05,3803.05,3710.75,3733.05,3760.8993657505284,21285,2118,80050743.0,6449.0,30.3,92.3,-12.0
1-November-2017,3895.0,3895.0,3801.5,3816.45,3853.8349781588736,24724,1923,95282216.0,6156.0,24.9,93.5,-78.55
31-October-2017,3849.0,3868.95,3822.5,3854.75,3847.9840125178575,29398,935,113123034.0,23010.0,78.27,46.45,5.75
30-October-2017,3826.0,3841.0,3810.55,3830.8,3829.6618091234623,32115,822,122989589.0,25885.0,80.6,30.45,4.8
27-October-2017,3725.05,3829.95,3725.05,3797.05,3819.8047632878306,51645,1543,197273817.0,35886.0,69.49,104.9,72.0
26-October-2017,3772.0,3788.9,3740.0,3762.35,3771.0844429649355,9012,840,33985013.0,2699.0,29.95,48.9,-9.65
25-October-2017,3789.9,3792.9,3724.75,3769.3,3761.5021945493513,9797,843,36851437.0,1847.0,18.85,68.15,-20.6
24-October-2017,3751.0,3802.95,3743.65,3760.05,3779.56008492569,4710,499,17801728.0,1410.0,29.94,59.3,9.05
23-October-2017,3778.9,3815.0,3770.65,3790.4,3794.740117190723,24234,1834,91961732.0,7309.0,30.16,44.35,11.5
19-October-2017,3755.0,3755.25,3724.55,3738.15,3743.9871223377913,2019,234,7559110.0,1072.0,53.1,30.7,-16.85
18-October-2017,3799.9,3810.2,3726.95,3747.8,3760.701482326112,8770,1105,32981352.0,2262.0,25.79,83.25,-52.1
17-October-2017,3783.0,3829.0,3763.55,3789.35,3799.713969418113,14453,1413,54917266.0,4026.0,27.86,65.45,6.35
16-October-2017,3789.9,3804.4,3762.4,3773.75,3786.6480999479445,9605,1421,36370755.0,3058.0,31.84,42.0,-16.15
13-October-2017,3743.9,3785.0,3743.9,3754.1,3763.6435482559564,12299,1027,46289052.0,4008.0,32.59,41.1,10.2
12-October-2017,3700.0,3761.95,3699.1,3742.3,3735.1311862904413,20307,1561,75849309.0,7920.0,39.0,62.85,42.3
11-October-2017,3700.45,3739.9,3675.8,3687.6,3708.3741232774973,12119,1088,44941786.0,3277.0,27.04,64.1,-12.85
10-October-2017,3699.0,3719.95,3662.0,3692.4,3700.3527029406587,11358,1090,42028606.0,3637.0,32.02,57.95,-6.6
9-October-2017,3705.0,3714.55,3680.0,3687.7,3691.6310647845194,21394,1450,78978755.0,9857.0,46.07,34.55,-17.3
6-October-2017,3790.0,3790.0,3682.15,3703.7,3732.041340271028,34978,1601,130539342.0,17873.0,51.1,107.85,-86.3
5-October-2017,3799.0,3799.0,3740.05,3757.2,3766.583412123122,19038,1362,71708215.0,8129.0,42.7,58.95,-41.8
4-October-2017,3850.0,3865.0,3778.0,3794.0,3820.574453093544,29804,2584,113868401.0,11650.0,39.09,87.0,-56.0
3-October-2017,3829.9,3846.05,3795.0,3805.55,3828.3482400408952,109548,1409,419387893.0,98455.0,89.87,51.05,-24.35
29-September-2017,3750.0,3818.3,3728.9,3781.2,3775.6367756029877,67746,2145,255784289.0,38938.0,57.48,89.4,31.2
28-September-2017,3755.9,3773.0,3677.95,3744.55,3719.567707823361,30639,2346,113963835.0,9785.0,31.94,95.05,-11.35
27-September-2017,3813.7,3825.05,3712.65,3732.4,3767.4435422239203,10468,968,39437599.0,3055.0,29.18,112.4,-81.3
26-September-2017,3794.9,3808.0,3755.8,3785.85,3779.4863645683827,24385,5136,92162775.0,9127.0,37.43,52.2,-9.05
25-September-2017,3849.0,3849.0,3725.0,3755.65,3741.3798070120824,35339,1380,132216621.0,22835.0,64.62,124.0,-93.35
22-September-2017,3888.0,3888.0,3781.5,3788.15,3809.182283563362,19925,1599,75897957.0,4279.0,21.48,106.5,-99.85
21-September-2017,3904.7,3904.7,3818.4,3888.85,3870.497050899293,13733,972,53153536.0,4191.0,30.52,86.3,-15.85
20-September-2017,3983.7,3983.7,3845.0,3858.1,3879.3662664829753,20324,1651,78844240.0,7703.0,37.9,138.7,-125.6
19-September-2017,3965.0,3972.25,3941.2,3948.6,3953.409005835077,9083,731,35908814.0,2612.0,28.76,31.05,-16.4
18-September-2017,3903.0,3958.0,3900.0,3951.05,3942.155432466979,11735,834,46261194.0,3065.0,26.12,58.0,48.05
15-September-2017,3894.7,3910.1,3872.0,3891.25,3891.3119165755606,11891,745,46271590.0,3597.0,30.25,38.1,-3.45
14-September-2017,3938.9,3938.9,3886.55,3894.7,3900.7893774753725,9847,752,38411073.0,3282.0,33.33,52.35,-44.2
13-September-2017,3918.0,3968.5,3880.0,3895.5,3925.281790838717,20281,1319,79608640.0,9683.0,47.74,88.5,-22.5
12-September-2017,4025.0,4025.0,3907.9,3917.55,3926.8081845130496,13831,1039,54311684.0,6388.0,46.19,117.1,-107.45
11-September-2017,3993.0,3993.0,3939.1,3945.85,3959.386735277301,8745,915,34624837.0,3941.0,45.07,53.9,-47.15
8-September-2017,3991.2,4001.45,3941.0,3959.0,3970.9102451838876,6852,928,27208677.0,2897.0,42.28,60.45,-32.2
7-September-2017,3964.3,4009.15,3964.3,3982.9,3982.5846471068335,23279,1595,92710588.0,15887.0,68.25,44.85,18.6
6-September-2017,3970.6,3993.85,3933.7,3950.55,3962.8660994864717,13047,898,51703514.0,4542.0,34.81,60.15,-20.05
5-September-2017,3988.35,4005.3,3958.8,3970.6,3979.1734190678785,20684,778,82305223.0,13936.0,67.38,46.5,-17.75
4-September-2017,4079.0,4079.0,3966.55,3973.6,4002.1954755832626,21174,1339,84742487.0,6028.0,28.47,112.45,-105.4
1-September-2017,4001.95,4090.0,3996.55,4047.3,4051.615859896068,24439,1834,99017440.0,9460.0,38.71,93.45,45.35
31-August-2017,3976.15,4019.7,3970.0,3998.1,3997.4391952757483,19982,2301,79876830.0,7063.0,35.35,49.7,21.95
30-August-2017,3950.0,4013.95,3950.0,3987.15,3992.0181647563513,14919,1146,59556919.0,6429.0,43.09,63.95,37.15
29-August-2017,3940.0,3982.0,3924.35,3948.8,3954.416293600125,102752,1272,406324183.0,91604.0,89.15,57.65,8.8
28-August-2017,3890.05,3990.6,3840.75,3960.05,3944.824035552194,10576,1203,41720459.0,2961.0,28.0,149.85,70.0
24-August-2017,3919.4,3920.0,3870.0,3874.5,3896.3668075692326,75939,1842,295886199.0,65612.0,86.4,50.0,-44.9
23-August-2017,4200.0,4200.0,3870.3,3890.15,3903.723989373158,13927,1201,54367164.0,2828.0,20.31,329.7,-309.85
22-August-2017,4002.0,4002.0,3877.8,3885.3,3890.9643933733537,38813,1313,151020001.0,27000.0,69.56,124.2,-116.7
21-August-2017,4001.2,4036.05,3950.05,3967.6,3990.828421052632,7600,839,30330296.0,2055.0,27.04,86.0,-33.6
18-August-2017,3975.0,3999.8,3970.15,3982.75,3980.367160468944,59538,959,236983100.0,53397.0,89.69,29.65,7.75
17-August-2017,4030.0,4036.0,3975.7,3996.85,4000.3409553995925,8834,995,35339012.0,3030.0,34.3,60.3,-33.15
16-August-2017,3969.9,4043.75,3939.05,4018.05,4025.812843867504,97603,3034,392931411.0,76835.0,78.72,104.7,48.15
14-August-2017,3844.75,3969.0,3844.75,3954.15,3932.2986202365305,9132,860,35909751.0,1451.0,15.89,124.25,109.4
11-August-2017,3885.0,3885.0,3800.0,3844.75,3835.5294585987267,11304,1360,43356825.0,2812.0,24.88,85.0,-40.25
10-August-2017,3880.0,3944.0,3860.45,3886.9,3917.404534826483,97512,1128,381993951.0,84785.0,86.95,83.55,6.9
9-August-2017,3913.0,3939.65,3860.15,3884.25,3883.4538044602596,24169,2977,93859195.0,10976.0,45.41,79.5,-28.75
8-August-2017,3970.0,4003.0,3900.0,3912.7,3935.909221822209,18055,1628,71062841.0,6900.0,38.22,103.0,-57.3
7-August-2017,3950.0,4019.4,3931.4,3953.6,3975.7047075606265,25236,2799,100330884.0,6753.0,26.76,88.0,3.6
4-August-2017,3839.15,3967.2,3813.85,3958.65,3919.484529197894,67385,6321,264114465.0,34143.0,50.67,153.35,119.5
3-August-2017,3830.0,3843.9,3775.0,3839.15,3819.1126397248504,13956,1454,53299536.0,4231.0,30.32,68.9,9.15
2-August-2017,3755.1,3838.0,3743.45,3800.35,3803.637457221332,68083,3968,258963049.0,37526.0,55.12,94.55,45.25
1-August-2017,3665.1,3735.0,3665.1,3721.55,3697.3192228108724,156101,2594,577155228.0,116041.0,74.34,69.9,56.45
31-July-2017,3670.0,3673.95,3607.0,3654.1,3648.42697109803,49097,2589,179126819.0,36608.0,74.56,66.95,-15.9
28-July-2017,3749.0,3749.0,3619.0,3631.8,3665.262696735272,97466,1285,357238494.0,85469.0,87.69,130.0,-117.2
27-July-2017,3723.4,3759.0,3685.0,3707.45,3736.3485039370075,12700,1263,47451626.0,5151.0,40.56,74.0,-15.95
26-July-2017,3710.0,3741.0,3689.95,3717.75,3719.1195738203965,16425,1170,61086539.0,4422.0,26.92,51.05,7.75
25-July-2017,3715.0,3747.0,3699.9,3706.85,3730.633568930381,534387,2778,1993602081.0,515070.0,96.39,47.1,-8.15
24-July-2017,3728.0,3728.0,3686.05,3691.15,3700.599371254544,10179,1127,37668401.0,5024.0,49.36,41.95,-36.85
21-July-2017,3732.8,3737.0,3672.0,3679.65,3696.4442353857125,15413,2377,56973295.0,5876.0,38.12,65.0,-53.15
20-July-2017,3775.3,3786.3,3721.55,3729.55,3736.618602362205,8128,1652,30371236.0,2596.0,31.94,64.75,-45.75
19-July-2017,3787.3,3795.0,3756.0,3766.2,3774.696808436731,71971,1109,271668704.0,64145.0,89.13,39.0,-21.1
18-July-2017,3735.95,3807.3,3712.1,3785.5,3786.2020835253993,10847,879,41068934.0,3329.0,30.69,95.2,49.55
17-July-2017,3767.5,3785.25,3742.5,3763.75,3765.4843135169626,9403,662,35406849.0,3597.0,38.25,42.75,-3.75
14-July-2017,3760.0,3792.0,3733.8,3753.2,3762.563345864662,15960,930,60050511.0,7672.0,48.07,58.2,-6.8
13-July-2017,3740.0,3767.3,3725.0,3749.7,3758.0569815950917,20375,682,76570411.0,13956.0,68.5,42.3,9.7
12-July-2017,3711.0,3777.35,3711.0,3731.95,3739.4245055889933,11630,1114,43489507.0,3822.0,32.86,66.35,20.95
11-July-2017,3700.0,3755.55,3700.0,3750.1,3749.6391304347826,11040,977,41396016.0,5364.0,48.59,55.55,50.1
10-July-2017,3694.0,3743.0,3680.55,3732.75,3721.997780337138,47755,7024,177744004.0,25236.0,52.84,62.45,38.75
7-July-2017,3723.9,3723.9,3675.0,3682.5,3691.2852685535995,8974,1289,33125594.0,2889.0,32.19,48.9,-41.4
6-July-2017,3707.05,3745.0,3707.05,3721.4,3731.3903490759753,9740,777,36343742.0,3282.0,33.7,37.95,14.35
5-July-2017,3705.0,3717.0,3697.6,3707.05,3709.3750945843676,9251,698,34315429.0,2635.0,28.48,19.4,2.05
4-July-2017,3800.0,3800.0,3685.0,3699.95,3697.4135655659807,2099389,13070,7762309368.0,1581695.0,75.34,115.0,-100.05
3-July-2017,3695.0,3788.55,3677.4,3777.0,3736.0627550796503,22787,2419,85133662.0,3767.0,16.53,111.15,82.0
30-June-2017,3690.0,3710.85,3666.0,3696.7,3687.918106686702,9317,985,34360333.0,1596.0,17.13,44.85,6.7
29-June-2017,3737.0,3737.0,3685.0,3719.15,3708.373309138898,12124,1144,44960318.0,2590.0,21.36,52.0,-17.85
28-June-2017,3673.2,3723.5,3668.5,3687.85,3691.0287822878245,42005,830,155041664.0,34733.0,82.69,55.0,14.65
27-June-2017,3670.7,3708.8,3636.55,3695.95,3666.7537329182724,37906,982,138991967.0,30598.0,80.72,72.25,25.25
23-June-2017,3735.0,3736.0,3653.0,3660.3,3679.94666254908,22667,1193,83413351.0,14850.0,65.51,83.0,-74.7
22-June-2017,3770.0,3795.5,3720.0,3733.15,3750.3238804774487,12483,1016,46815293.0,4980.0,39.89,75.5,-36.85
21-June-2017,3801.2,3807.2,3760.05,3768.65,3773.3285382156346,6882,606,25968047.0,2957.0,42.97,47.15,-32.55
20-June-2017,3830.0,3842.9,3786.85,3801.2,3807.887007192935,10983,949,41822023.0,4660.0,42.43,56.05,-28.8
19-June-2017,3800.0,3836.0,3796.9,3826.05,3822.6678658343035,9451,1027,36128034.0,3870.0,40.95,39.1,26.05
16-June-2017,3780.0,3792.85,3760.0,3778.4,3778.605260122275,8669,761,32756729.0,3358.0,38.74,32.85,-1.6
15-June-2017,3792.6,3819.0,3759.6,3779.35,3785.761056863872,6964,782,26364040.0,1580.0,22.69,59.4,-13.25
14-June-2017,3752.6,3806.0,3752.6,3786.65,3791.3254025161336,30682,1433,116325446.0,18193.0,59.3,53.4,34.05
13-June-2017,3770.0,3787.5,3744.55,3752.55,3763.246475865015,4682,601,17619520.0,1425.0,30.44,42.95,-17.45
12-June-2017,3791.9,3791.9,3760.1,3774.65,3776.3574759545313,6862,749,25913365.0,2059.0,30.01,31.8,-17.25
9-June-2017,3800.0,3800.95,3756.7,3779.35,3781.2104791313873,10039,972,37959572.0,2311.0,23.02,44.25,-20.65
8-June-2017,3841.5,3855.0,3773.2,3784.55,3803.5111911097206,12778,2201,48601266.0,3416.0,26.73,81.8,-56.95
7-June-2017,3815.8,3856.0,3805.0,3844.05,3843.908199018921,12843,1893,49367313.0,4034.0,31.41,51.0,28.25
6-June-2017,3834.9,3838.0,3791.3,3815.8,3810.427351766271,12767,1180,48647726.0,3126.0,24.48,46.7,-19.1
5-June-2017,3874.0,3880.25,3811.6,3826.7,3845.17183600713,25245,1904,97071363.0,5845.0,23.15,68.65,-47.3
2-June-2017,3780.0,3850.0,3764.05,3841.75,3822.5872091006827,28833,2959,110216657.0,4132.0,14.33,85.95,61.75
1-June-2017,3741.0,3813.1,3716.0,3734.55,3769.873431241656,18725,1896,70590880.0,2187.0,11.68,97.1,-6.45
31-May-2017,3725.0,3760.0,3720.55,3742.8,3741.6133364566244,12807,1455,47918842.0,1914.0,14.94,39.45,17.8
30-May-2017,3674.0,3752.0,3663.6,3739.5,3710.540985905617,28522,2648,105832050.0,8101.0,28.4,88.4,65.5
29-May-2017,3617.0,3676.0,3595.05,3667.5,3641.801164529074,12709,1232,46283651.0,2276.0,17.91,80.95,50.5
26-May-2017,3625.0,3659.0,3606.55,3616.1,3637.6439968343934,235026,1158,854940918.0,225991.0,96.16,52.45,-8.9
25-May-2017,3570.0,3635.0,3529.65,3615.75,3592.9573844914694,13657,1382,49069019.0,3878.0,28.4,105.35,45.75
24-May-2017,3585.0,3604.9,3528.05,3562.8,3566.7458779884587,9704,1248,34611702.0,1941.0,20.0,76.85,-22.2
23-May-2017,3590.0,3618.95,3563.65,3585.45,3583.5860011930804,10058,1334,36043708.0,1731.0,17.21,55.3,-4.55
22-May-2017,3590.0,3640.25,3552.2,3564.5,3587.508215864543,11989,1333,43010636.0,2034.0,16.97,88.05,-25.5
19-May-2017,3590.0,3654.0,3539.15,3572.95,3597.8621506624118,20682,1902,74410985.0,5911.0,28.58,114.85,-17.05
18-May-2017,3535.35,3640.0,3535.35,3596.1,3603.0056287170764,9416,1237,33925901.0,2463.0,26.16,104.65,60.75
17-May-2017,3604.0,3680.7,3595.45,3642.75,3651.022501135378,24221,2274,88431416.0,6523.0,26.93,85.25,38.75
16-May-2017,3525.0,3631.5,3493.05,3619.0,3572.5652997364946,24288,2198,86770466.0,6372.0,26.24,138.45,94.0
15-May-2017,3545.0,3556.95,3501.0,3517.3,3523.2879686217275,10963,1243,38625806.0,2635.0,24.04,55.95,-27.7
12-May-2017,3465.0,3554.8,3462.15,3536.95,3513.3295225539127,53095,3921,186540231.0,10667.0,20.09,92.65,71.95
11-May-2017,3360.0,3482.6,3295.5,3463.8,3408.937193079988,75549,6079,257541796.0,18378.0,24.33,187.1,103.8
10-May-2017,3288.0,3340.0,3271.9,3322.4,3304.4214598540143,34250,4213,113176435.0,8645.0,25.24,68.1,34.4
9-May-2017,3409.95,3435.85,3280.0,3289.8,3332.7896760960607,23402,2210,77993944.0,7694.0,32.88,155.85,-120.15
8-May-2017,3383.0,3409.9,3370.0,3393.85,3393.9323294629894,5512,555,18707355.0,1738.0,31.53,39.9,10.85
5-May-2017,3376.55,3411.75,3341.0,3362.6,3382.5242369838415,13925,1397,47101650.0,2947.0,21.16,70.75,-13.95
4-May-2017,3376.35,3410.0,3357.8,3394.1,3385.2841777777776,11250,1323,38084447.0,4206.0,37.39,52.2,17.75
3-May-2017,3374.45,3381.0,3351.95,3368.15,3368.040590405904,10027,849,33771343.0,1935.0,19.3,29.05,-6.3
2-May-2017,3315.65,3382.0,3303.55,3351.0,3350.71305130513,16665,1721,55839633.0,4682.0,28.09,78.45,35.35
28-April-2017,3350.0,3350.0,3290.0,3310.7,3313.2747197167664,11863,894,39305378.0,2670.0,22.51,60.0,-39.3
27-April-2017,3315.25,3360.05,3275.0,3297.15,3329.1812288613305,14192,1540,47247740.0,3100.0,21.84,85.05,-18.1
26-April-2017,3310.0,3324.0,3270.05,3309.7,3293.446259351622,40100,2158,132067195.0,24443.0,60.96,53.95,-0.3
25-April-2017,3204.55,3315.0,3203.25,3305.7,3271.765770252324,24096,2321,78836468.0,7142.0,29.64,111.75,101.15
24-April-2017,3204.9,3218.85,3190.0,3204.55,3204.6054346972437,12733,1043,40804241.0,4917.0,38.62,28.85,-0.35
21-April-2017,3212.45,3218.0,3191.5,3204.9,3204.6306828311644,11218,1144,35949547.0,4040.0,36.01,26.5,-7.55
20-April-2017,3202.7,3215.0,3182.7,3201.25,3199.2516083916084,7150,863,22874649.0,2034.0,28.45,32.3,-1.45
19-April-2017,3243.6,3243.6,3185.0,3204.6,3210.668563776364,11948,853,38361068.0,6454.0,54.02,58.6,-39.0
18-April-2017,3242.15,3258.9,3218.2,3223.95,3243.3031674208137,11934,1557,38705580.0,5534.0,46.37,40.7,-18.2
17-April-2017,3210.0,3245.0,3210.0,3229.95,3232.559980273703,16222,3016,52438588.0,6144.0,37.87,35.0,19.95
13-April-2017,3221.4,3245.5,3212.0,3224.9,3227.631111111111,9000,1045,29048680.0,2591.0,28.79,33.5,3.5
12-April-2017,3210.95,3233.5,3200.6,3226.15,3221.2439335887607,10962,931,35311276.0,3591.0,32.76,32.9,15.2
11-April-2017,3200.05,3224.25,3186.7,3201.35,3206.11106884747,13145,2267,42144330.0,7100.0,54.01,37.55,1.3
10-April-2017,3214.0,3226.95,3187.2,3199.45,3201.895248868778,8840,1025,28304754.0,3226.0,36.49,39.75,-14.55
7-April-2017,3207.9,3235.0,3200.0,3216.6,3218.728142076503,16836,1952,54190507.0,7619.0,45.25,35.0,8.7
6-April-2017,3190.0,3219.75,3180.0,3205.35,3201.8217413704288,17469,1956,55932624.0,5245.0,30.02,39.75,15.35
5-April-2017,3205.0,3226.5,3191.0,3196.35,3203.326828306721,15219,1580,48751431.0,5776.0,37.95,35.5,-8.65
3-April-2017,3250.0,3263.95,3195.2,3204.7,3223.88035514715,16106,1298,51923817.0,3909.0,24.27,68.75,-45.3
31-March-2017,3206.05,3232.05,3200.0,3223.85,3215.3527209186223,48072,2312,154568436.0,8618.0,17.93,32.05,17.8
30-March-2017,3210.0,3265.0,3202.65,3231.5,3243.4857438652452,35739,3007,115918937.0,10331.0,28.91,62.35,21.5
29-March-2017,3328.05,3336.4,3180.0,3223.25,3284.863796823476,171949,6884,564829045.0,103495.0,60.19,156.4,-104.8
28-March-2017,3344.0,3356.9,3312.0,3328.05,3330.396111250944,15892,1991,52926655.0,5578.0,35.1,44.9,-15.95
27-March-2017,3375.0,3397.0,3311.6,3340.25,3342.8952556715876,22216,2280,74265761.0,5902.0,26.57,85.4,-34.75
24-March-2017,3356.1,3385.0,3344.55,3376.6,3371.66462769086,17002,1853,57325042.0,8347.0,49.09,40.45,20.5
23-March-2017,3333.35,3378.0,3328.05,3366.55,3360.027743995135,13156,2084,44204525.0,4863.0,36.96,49.95,33.2
22-March-2017,3325.0,3338.8,3301.0,3310.55,3316.9427963449743,15978,1437,52998112.0,7464.0,46.71,37.8,-14.45
21-March-2017,3341.05,3358.15,3330.0,3342.8,3341.5132211538453,6656,733,22241112.0,1581.0,23.75,28.15,1.75
20-March-2017,3351.7,3366.9,3325.0,3337.65,3340.7332337937037,8037,873,26849473.0,4439.0,55.23,41.9,-14.05
17-March-2017,3350.2,3374.8,3336.75,3345.25,3358.8231564572766,10252,1303,34434655.0,2787.0,27.18,38.05,-4.95
16-March-2017,3367.0,3387.35,3341.1,3348.8,3362.570117207758,19282,2269,64837077.0,6691.0,34.7,46.25,-18.2
15-March-2017,3351.1,3406.0,3340.75,3399.25,3368.6297583946566,562322,2961,1894254623.0,544361.0,96.81,65.25,48.15
14-March-2017,3351.0,3379.8,3348.0,3357.5,3360.375280599663,533233,4170,1791862992.0,509083.0,95.47,31.8,6.5
10-March-2017,3302.9,3326.95,3290.1,3311.6,3307.907841416641,101423,1395,335497937.0,92806.0,91.5,36.85,8.7
9-March-2017,3285.0,3297.85,3259.95,3273.7,3275.1759642364577,21027,1845,68867125.0,10916.0,51.91,37.9,-11.3
8-March-2017,3331.0,3331.0,3258.5,3270.9,3281.91210996898,16441,2094,53957917.0,4222.0,25.68,72.5,-60.1
7-March-2017,3315.0,3320.0,3281.65,3299.4,3304.860706860707,8177,1022,27023846.0,1931.0,23.62,38.35,-15.6
6-March-2017,3275.95,3332.0,3274.6,3320.85,3305.1776412518375,19044,3618,62943803.0,7952.0,41.76,57.4,44.9
3-March-2017,3223.95,3289.95,3209.4,3270.55,3242.9026941362918,12620,1420,40925432.0,3414.0,27.05,80.55,46.6
2-March-2017,3203.0,3260.5,3191.05,3227.55,3238.8588337158185,118959,2472,385291408.0,95394.0,80.19,69.45,24.55
1-March-2017,3149.05,3196.0,3149.05,3184.0,3182.449857830271,18288,1935,58200643.0,4599.0,25.15,46.95,34.95
28-February-2017,3172.1,3177.95,3129.95,3135.0,3147.027374038613,63710,1528,200497114.0,4185.0,6.57,48.0,-37.1
27-February-2017,3218.0,3218.0,3155.9,3168.35,3181.203656853725,17392,1759,55327494.0,4742.0,27.27,62.1,-49.65
23-February-2017,3150.0,3199.0,3149.55,3177.2,3177.9468941555324,35401,3283,112502498.0,15752.0,44.5,49.45,27.2
22-February-2017,3118.05,3173.95,3111.85,3164.8,3136.8054131705244,30629,4734,96077213.0,17579.0,57.39,62.1,46.75
21-February-2017,3107.35,3139.0,3090.5,3128.5,3108.4644900390294,63799,1972,198316926.0,19588.0,30.7,48.5,21.15
20-February-2017,3086.1,3122.45,3081.0,3103.0,3103.9899085037673,14864,1363,46137706.0,4066.0,27.35,41.45,16.9
17-February-2017,3126.1,3133.0,3074.0,3085.65,3093.771251059023,17705,2441,54775220.0,5531.0,31.24,59.0,-40.45
16-February-2017,3110.0,3158.0,3054.0,3126.1,3105.1365244536937,19220,2375,59680724.0,3324.0,17.29,104.0,16.1
15-February-2017,3161.15,3165.0,3089.1,3098.4,3118.2463671029577,19406,2898,60512689.0,7208.0,37.14,75.9,-62.75
14-February-2017,3233.85,3233.9,3146.5,3161.15,3166.1198725607323,22599,2064,71551143.0,7710.0,34.12,87.4,-72.7
13-February-2017,3266.45,3272.55,3211.7,3226.4,3238.2605371816353,24461,2600,79211091.0,11633.0,47.56,60.85,-40.05
10-February-2017,3265.0,3279.0,3244.0,3266.45,3265.6409200968524,12390,1194,40461291.0,3841.0,31.0,35.0,1.45
9-February-2017,3273.0,3312.0,3228.0,3264.3,3263.33372283894,35943,2877,117294004.0,12564.0,34.96,84.0,-8.7
8-February-2017,3269.0,3282.25,3210.0,3223.8,3243.4942560092154,32991,3639,107006119.0,7228.0,21.91,72.25,-45.2
7-February-2017,3270.0,3270.05,3227.5,3258.75,3249.347761928185,10165,1107,33029620.0,3684.0,36.24,42.55,-11.25
6-February-2017,3264.0,3284.5,3249.0,3262.8,3266.087228750321,23318,2924,76158622.0,10276.0,44.07,35.5,-1.2
3-February-2017,3227.0,3229.0,3202.0,3215.7,3215.6162096862763,27317,4310,87840988.0,12220.0,44.73,27.0,-11.3
2-February-2017,3269.8,3291.55,3217.5,3226.0,3245.775740586408,39597,3541,128522982.0,10402.0,26.27,74.05,-43.8
1-February-2017,3194.0,3300.0,3170.05,3284.1,3238.8996068315623,48071,3559,155697143.0,13200.0,27.46,129.95,90.1
31-January-2017,3210.0,3220.0,3153.75,3179.25,3183.975499881451,12653,1497,40286842.0,1862.0,14.72,66.25,-30.75
30-January-2017,3216.3,3216.3,3160.15,3196.85,3188.085465763123,19774,1693,63041202.0,4562.0,23.07,56.15,-19.45
27-January-2017,3235.0,3263.0,3201.05,3216.3,3224.738621597171,121590,2102,392095969.0,102844.0,84.58,61.95,-18.7
25-January-2017,3140.0,3265.0,3124.85,3240.35,3190.116070152515,48979,4971,156248695.0,19349.0,39.5,140.15,100.35
24-January-2017,3112.0,3141.45,3087.05,3133.25,3121.9745998798276,18307,1972,57153989.0,9010.0,49.22,54.4,21.25
23-January-2017,3058.0,3108.9,3044.7,3099.55,3056.3918662040865,117313,1719,358554499.0,103338.0,88.09,64.2,41.55
20-January-2017,3105.05,3120.0,3050.55,3056.6,3080.609873403726,18089,1560,55725152.0,6451.0,35.66,69.45,-48.45
19-January-2017,3104.0,3117.7,3068.0,3107.9,3092.6486575198583,15233,1660,47110317.0,3566.0,23.41,49.7,3.9
18-January-2017,3141.0,3159.0,3077.0,3088.85,3112.218345456788,40555,3051,126216015.0,13840.0,34.13,82.0,-52.15
17-January-2017,3110.0,3155.0,3074.4,3131.65,3117.932217997465,19725,1697,61501213.0,7117.0,36.08,80.6,21.65
16-January-2017,3051.0,3100.0,3029.0,3091.4,3069.2192495921695,9195,1341,28221471.0,2962.0,32.21,71.0,40.4
13-January-2017,3084.9,3092.7,3021.95,3044.65,3046.842299394529,14369,2116,43780077.0,4274.0,29.74,70.75,-40.25
12-January-2017,3114.7,3114.7,3065.0,3079.65,3084.4796524919984,30618,2818,94440598.0,17839.0,58.26,49.7,-35.05
11-January-2017,3070.0,3092.05,3040.0,3087.0,3068.106050995814,15766,2059,48371760.0,4960.0,31.46,52.05,17.0
10-January-2017,3040.1,3073.45,3020.1,3062.95,3047.943180827886,11475,1788,34975148.0,2340.0,20.39,53.35,22.85
9-January-2017,3100.0,3108.0,3029.3,3035.9,3067.2984099324763,13773,1713,42245901.0,3282.0,23.83,78.7,-64.1
6-January-2017,3085.0,3118.25,3055.95,3068.6,3082.6249686260726,19921,2494,61408972.0,4492.0,22.55,62.3,-16.4
5-January-2017,3020.0,3081.5,3015.25,3072.3,3058.38420287676,39906,3317,122047880.0,14783.0,37.04,66.25,52.3
4-January-2017,3012.0,3025.95,2976.05,3014.25,2998.4089376932966,28777,3234,86285214.0,5841.0,20.3,49.9,2.25
3-January-2017,2972.7,3018.45,2966.0,2987.35,2995.5363903229077,19758,1989,59185808.0,5826.0,29.49,52.45,14.65
2-January-2017,3045.0,3068.1,2991.5,3028.7,3018.3724862888475,19692,2200,59437791.0,5539.0,28.13,76.6,-16.3
30-December-2016,3045.0,3061.5,3028.0,3044.75,3046.8315466219988,17910,1513,54568753.0,6286.0,35.1,33.5,-0.25
29-December-2016,3032.95,3050.0,2975.0,3032.3,3016.467072203121,18905,1697,57026310.0,6275.0,33.19,75.0,-0.65
28-December-2016,3035.0,3050.0,3000.0,3004.8,3023.539074650077,10288,1459,31106170.0,3138.0,30.5,50.0,-30.2
27-December-2016,2981.0,3046.35,2957.0,3034.0,2993.354639940608,13470,1561,40320487.0,2194.0,16.29,89.35,53.0
26-December-2016,3040.1,3045.85,2976.5,3004.4,2998.306242762396,9499,932,28480911.0,3106.0,32.7,69.35,-35.7
23-December-2016,3008.0,3050.0,2992.15,3036.0,3022.128564749883,8556,898,25857332.0,2027.0,23.69,57.85,28.0
22-December-2016,3022.0,3040.0,2983.8,3000.5,3005.0250790305586,14235,1514,42776532.0,4324.0,30.38,56.2,-21.5
21-December-2016,3068.0,3101.0,3021.05,3026.65,3056.8655565293607,17115,2109,52318254.0,5472.0,31.97,79.95,-41.35
20-December-2016,3135.0,3135.0,3040.2,3057.15,3060.72227649608,39921,2536,122187094.0,27881.0,69.84,94.8,-77.85
19-December-2016,3151.65,3151.65,3087.7,3105.7,3111.992149431511,14776,1279,45982796.0,6001.0,40.61,63.95,-45.95
16-December-2016,3168.1,3183.4,3119.5,3128.0,3133.8595473012183,8615,1074,26998200.0,2347.0,27.24,63.9,-40.1
15-December-2016,3149.6,3200.15,3120.05,3168.1,3175.2275574112728,18202,1991,57795492.0,3397.0,18.66,80.1,18.5
14-December-2016,3206.9,3221.05,3142.0,3163.2,3171.6877747837184,14102,1729,44727141.0,2557.0,18.13,79.05,-43.7
13-December-2016,3210.0,3239.45,3195.45,3201.95,3207.5991235758106,28525,1405,91496765.0,15488.0,54.3,44.0,-8.05
12-December-2016,3272.0,3272.0,3199.55,3216.55,3226.5060612905654,13281,1303,42851227.0,3214.0,24.2,72.45,-55.45
9-December-2016,3344.0,3344.0,3271.05,3281.15,3285.767443386938,15235,1720,50058667.0,3203.0,21.02,72.95,-62.85
8-December-2016,3260.0,3331.5,3248.1,3308.95,3301.360669607783,33094,3574,109255230.0,15889.0,48.01,83.4,48.95
7-December-2016,3250.0,3250.0,3200.0,3227.2,3228.9072175413667,19702,1679,63615930.0,6559.0,33.29,50.0,-22.8
6-December-2016,3228.7,3241.2,3186.2,3198.0,3212.9708942009734,9036,944,29032405.0,1318.0,14.59,55.0,-30.7
5-December-2016,3183.65,3258.0,3170.6,3224.4,3224.134340473507,22175,2195,71495179.0,4543.0,20.49,87.4,40.75
2-December-2016,3160.0,3213.0,3150.5,3183.7,3179.2959828810426,20562,2281,65372684.0,3663.0,17.81,62.5,23.7
1-December-2016,3159.5,3215.0,3148.7,3178.35,3167.618263637361,18222,2249,57720340.0,4186.0,22.97,66.3,18.85
30-November-2016,3160.0,3176.0,3135.0,3169.0,3160.8613116950796,13433,1573,42459850.0,3992.0,29.72,41.0,9.0
29-November-2016,3117.9,3180.0,3074.4,3160.05,3143.9834987351624,25695,2898,80784656.0,3582.0,13.94,105.6,42.15
28-November-2016,3050.0,3117.0,3050.0,3101.5,3093.8103613848875,19785,2457,61211038.0,2609.0,13.19,67.0,51.5
25-November-2016,3050.0,3092.5,3029.4,3039.1,3056.8933428350847,16839,1755,51475027.0,4524.0,26.87,63.1,-10.9
24-November-2016,2999.0,3069.0,2978.55,3049.6,3028.0599660729436,11790,1696,35700827.0,2599.0,22.04,90.45,50.6
23-November-2016,3030.0,3030.0,2996.35,3012.85,3011.733721252424,14436,1419,43477388.0,2937.0,20.34,33.65,-17.15
22-November-2016,2941.0,3015.0,2933.25,2997.0,2979.5516750644247,25999,2525,77465364.0,7670.0,29.5,81.75,56.0
21-November-2016,2945.0,2953.45,2897.0,2928.1,2920.99936776386,50614,2522,147843462.0,37234.0,73.56,56.45,-16.9
18-November-2016,2900.0,2942.0,2876.0,2934.75,2923.1224380428516,98899,3908,289093886.0,78081.0,78.95,66.0,34.75
17-November-2016,2949.0,2949.0,2844.4,2878.15,2875.383648652317,36841,4613,105932009.0,11591.0,31.46,104.6,-70.85
16-November-2016,2926.0,3018.0,2894.35,2914.5,2954.8528716579185,32577,2957,96260242.0,5147.0,15.8,123.65,-11.5
15-November-2016,2980.0,2980.0,2869.0,2900.7,2904.7038776781865,41726,4708,121201674.0,17142.0,41.08,111.0,-79.3
11-November-2016,3144.55,3144.55,2970.0,2981.75,3020.294168059305,46674,5392,140969210.0,13501.0,28.93,174.55,-162.8
10-November-2016,3290.0,3312.45,3135.0,3144.55,3204.4965909873504,43561,5156,139591076.0,15637.0,35.9,177.45,-145.45
9-November-2016,3262.0,3262.0,3097.95,3235.7,3204.1245824816788,60177,6516,192814605.0,10739.0,17.85,164.05,-26.3
8-November-2016,3378.0,3381.0,3327.0,3369.6,3360.2573032855303,13179,1714,44284831.0,3572.0,27.1,54.0,-8.4
7-November-2016,3300.0,3379.0,3264.65,3350.15,3326.2245315323885,21026,2726,69937197.0,3989.0,18.97,114.35,50.15
4-November-2016,3390.0,3390.0,3250.0,3282.95,3300.6379554020104,25472,3684,84073850.0,6700.0,26.3,140.0,-107.05
3-November-2016,3330.0,3400.0,3317.0,3379.5,3371.518737439414,25377,2554,85559031.0,8478.0,33.41,83.0,49.5
2-November-2016,3360.0,3360.0,3316.25,3324.25,3337.4018306636153,13110,1658,43753338.0,3738.0,28.51,43.75,-35.75
1-November-2016,3370.0,3388.1,3355.0,3370.8,3374.316340685255,14418,1540,48650893.0,4492.0,31.16,33.1,0.8
30-October-2016,3370.6,3381.4,3350.0,3354.6,3358.678052828101,7231,617,24286601.0,3499.0,48.39,31.4,-16.0
28-October-2016,3345.0,3420.0,3324.9,3347.65,3349.8526793693923,27973,2357,93705429.0,4477.0,16.0,95.1,2.65
27-October-2016,3470.0,3470.0,3300.15,3314.75,3348.413432774937,147088,5748,492511435.0,94914.0,64.53,169.85,-155.25
26-October-2016,3410.0,3454.8,3375.0,3421.55,3420.512557314565,52997,4949,181276904.0,12813.0,24.18,79.8,11.55
25-October-2016,3335.0,3372.7,3331.05,3357.25,3348.8589884216944,16410,1738,54954776.0,7728.0,47.09,41.65,22.25
24-October-2016,3360.0,3371.5,3330.0,3334.3,3349.13492614256,20174,2064,67565448.0,9010.0,44.66,41.5,-25.7
21-October-2016,3371.1,3375.5,3344.55,3360.55,3360.96273975778,17257,1612,58000134.0,2785.0,16.14,30.95,-10.55
20-October-2016,3376.3,3404.45,3355.5,3362.75,3380.2425398688974,20442,1667,69098918.0,7034.0,34.41,48.95,-13.55
19-October-2016,3420.0,3420.0,3360.0,3367.0,3378.7215409099417,21364,2305,72183007.0,7367.0,34.48,60.0,-53.0
18-October-2016,3404.15,3435.65,3383.25,3410.5,3410.518868910725,38264,3278,130500094.0,21577.0,56.39,52.4,6.35
17-October-2016,3510.0,3510.0,3393.0,3404.15,3427.5942404555076,27398,2463,93909227.0,11670.0,42.59,117.0,-105.85
14-October-2016,3515.0,3518.85,3466.95,3482.2,3491.7895777277463,18211,1582,63588980.0,7189.0,39.48,51.9,-32.8
13-October-2016,3491.0,3519.0,3468.55,3493.5,3495.1608837046792,37207,3538,130044451.0,14524.0,39.04,50.45,2.5
10-October-2016,3499.0,3512.9,3479.1,3489.7,3494.4511052440853,57951,4778,202506936.0,41467.0,71.56,33.8,-9.3
7-October-2016,3495.0,3495.0,3450.0,3471.7,3467.8095801059935,24530,1528,85065369.0,14513.0,59.16,45.0,-23.3
6-October-2016,3525.3,3525.3,3462.4,3473.6,3485.9623189384474,29617,2340,103243746.0,10268.0,34.67,62.9,-51.7
5-October-2016,3583.0,3583.0,3485.0,3490.4,3497.8843654888083,46327,2079,162046489.0,27755.0,59.91,98.0,-92.6
4-October-2016,3581.0,3600.0,3516.3,3531.55,3553.407341872441,37865,2791,134549769.0,7936.0,20.96,83.7,-49.45
3-October-2016,3469.0,3542.85,3448.0,3523.0,3508.590799748344,27021,2806,94805632.0,11826.0,43.77,94.85,54.0
30-September-2016,3462.0,3462.0,3392.0,3414.35,3419.3556412985636,30064,3071,102799508.0,12226.0,40.67,70.0,-47.65
29-September-2016,3485.0,3495.95,3409.95,3428.5,3454.90517390552,23116,2665,79863588.0,6911.0,29.9,86.0,-56.5
28-September-2016,3475.0,3490.0,3439.5,3450.45,3464.650925618003,9021,1200,31254616.0,3086.0,34.21,50.5,-24.55
27-September-2016,3486.0,3499.9,3440.0,3450.55,3459.99252068746,25136,1948,86970372.0,10301.0,40.98,59.9,-35.45
26-September-2016,3565.0,3565.0,3450.95,3463.7,3478.4179757407037,20116,2794,69971856.0,7384.0,36.71,114.05,-101.3
23-September-2016,3538.6,3553.45,3515.65,3531.75,3535.296672676611,12202,1117,43137690.0,4044.0,33.14,37.8,-6.85
22-September-2016,3500.0,3577.8,3500.0,3538.6,3547.7707984119993,34005,3266,120641946.0,9730.0,28.61,77.8,38.6
21-September-2016,3497.0,3510.0,3416.9,3460.0,3473.865526352384,28764,3282,99922268.0,6528.0,22.7,93.1,-37.0
20-September-2016,3558.0,3558.0,3460.0,3468.1,3482.6178500090796,22028,2508,76715106.0,9377.0,42.57,98.0,-89.9
19-September-2016,3601.0,3617.15,3544.05,3554.3,3571.4144368963434,21639,2105,77281837.0,7485.0,34.59,73.1,-46.7
16-September-2016,3556.7,3639.0,3529.95,3585.15,3592.271767997724,42172,4052,151493285.0,5131.0,12.17,109.05,28.45
15-September-2016,3570.0,3573.0,3508.0,3522.6,3524.348616099726,28398,3029,100084452.0,4031.0,14.19,65.0,-47.4
14-September-2016,3530.0,3612.0,3530.0,3589.5,3573.9402144035184,14552,1971,52007978.0,2898.0,19.91,82.0,59.5
12-September-2016,3565.0,3565.0,3493.1,3529.05,3516.4260847808996,27978,3302,98382569.0,5275.0,18.85,71.9,-35.95
9-September-2016,3690.0,3705.5,3568.65,3623.8,3626.2644481812554,22598,2829,81946324.0,6230.0,27.57,136.85,-66.2
8-September-2016,3605.0,3739.9,3605.0,3697.65,3699.739671244156,34007,3387,125817047.0,13803.0,40.59,134.9,92.65
7-September-2016,3699.8,3699.8,3578.35,3609.85,3599.639682013912,15095,1918,54336561.0,4664.0,30.9,121.45,-89.95
6-September-2016,3581.0,3650.0,3581.0,3614.05,3620.4386983632116,25660,2918,92900457.0,8439.0,32.89,69.0,33.05
2-September-2016,3580.0,3614.35,3553.85,3578.55,3577.7068346542032,29526,2865,105635372.0,6110.0,20.69,60.5,-1.45
1-September-2016,3551.0,3597.15,3520.0,3546.9,3564.3689478154884,27077,2762,96512418.0,5648.0,20.86,77.15,-4.1
31-August-2016,3480.0,3576.0,3480.0,3547.5,3548.88153357225,44367,3165,157453227.0,10574.0,23.83,96.0,67.5
30-August-2016,3414.0,3483.4,3414.0,3473.35,3458.735147259085,37451,2464,129533090.0,14779.0,39.46,69.4,59.35
29-August-2016,3316.5,3415.0,3282.0,3405.75,3364.5605142986697,30877,2395,103887535.0,9174.0,29.71,133.0,89.25
26-August-2016,3322.25,3334.0,3300.0,3316.8,3313.2430894901904,13711,1534,45427876.0,3100.0,22.61,34.0,-5.45
25-August-2016,3305.0,3332.95,3290.0,3303.75,3311.1980333242286,14644,1543,48489184.0,3230.0,22.06,42.95,-1.25
24-August-2016,3306.45,3323.0,3287.9,3309.5,3305.0108200109416,16451,1676,54370733.0,4095.0,24.89,35.1,3.05
23-August-2016,3382.0,3382.0,3296.15,3306.45,3308.85343409418,19452,2028,64363817.0,4933.0,25.36,85.85,-75.55
22-August-2016,3365.0,3365.0,3306.8,3337.95,3329.220210642252,14527,1330,48363582.0,3127.0,21.53,58.2,-27.05
19-August-2016,3380.0,3380.0,3343.8,3359.25,3358.8029382797113,12184,1244,40923655.0,1787.0,14.67,36.2,-20.75
18-August-2016,3360.0,3410.0,3356.6,3369.4,3377.8038846462323,28677,2777,96865282.0,6321.0,22.04,53.4,9.4
17-August-2016,3313.5,3429.0,3308.05,3360.15,3389.31181239143,44902,3777,152186879.0,12065.0,26.87,120.95,46.65
16-August-2016,3315.0,3320.0,3281.0,3294.7,3296.7897721414574,9699,1228,31975564.0,1800.0,18.56,39.0,-20.3
12-August-2016,3310.0,3364.85,3301.5,3313.3,3336.2924714828896,26300,2571,87744492.0,7828.0,29.76,63.35,3.3
11-August-2016,3317.0,3369.95,3291.6,3303.8,3328.3447209145925,22305,1820,74238729.0,4904.0,21.99,78.35,-13.2
10-August-2016,3424.0,3442.85,3303.0,3320.5,3386.4019757680458,45147,2514,152885890.0,23378.0,51.78,139.85,-103.5
9-August-2016,3464.0,3490.0,3394.3,3407.3,3423.9617331642635,101733,4033,348329899.0,64765.0,63.66,95.7,-56.7
8-August-2016,3525.0,3553.55,3410.0,3456.8,3483.8617296546004,135264,13027,471241073.0,15951.0,11.79,143.55,-68.2
5-August-2016,3299.95,3455.65,3287.25,3434.3,3373.1307689077394,47626,4147,160648726.0,12461.0,26.16,168.4,134.35
4-August-2016,3255.0,3305.0,3250.0,3270.1,3279.4628364474443,24298,1893,79684388.0,8861.0,36.47,55.0,15.1
3-August-2016,3278.1,3305.9,3210.5,3237.1,3268.2192320513986,32997,2337,107841430.0,8202.0,24.86,95.4,-41.0
2-August-2016,3220.0,3279.0,3201.95,3260.0,3259.4620593902296,70584,3032,230065870.0,45093.0,63.89,77.05,40.0
1-August-2016,3211.0,3395.0,3200.0,3219.35,3226.0249130938587,17260,1845,55681190.0,4864.0,28.18,195.0,8.35
29-July-2016,3190.0,3243.7,3176.55,3206.45,3219.293306849644,16614,1447,53485339.0,3835.0,23.08,67.15,16.45
28-July-2016,3203.6,3229.45,3150.0,3192.3,3202.5477921378565,37140,3092,118942625.0,10313.0,27.77,79.45,-11.3
27-July-2016,3210.3,3257.15,3189.9,3203.5,3212.042115467471,9284,1233,29820599.0,2666.0,28.72,67.25,-6.8
26-July-2016,3280.0,3281.0,3173.0,3210.3,3240.8759812392,20255,2012,65643943.0,7339.0,36.23,108.0,-69.7
25-July-2016,3260.35,3285.5,3250.0,3279.7,3270.8301268931637,14658,1282,47943828.0,6922.0,47.22,35.5,19.35
22-July-2016,3272.25,3285.85,3254.05,3260.35,3265.393965641692,6927,979,22619384.0,1773.0,25.6,31.8,-11.9
21-July-2016,3300.0,3306.1,3260.3,3265.65,3284.799732828676,8983,1284,29507356.0,2007.0,22.34,45.8,-34.35
20-July-2016,3240.0,3283.0,3235.15,3276.6,3269.876069839096,11684,1410,38205232.0,3628.0,31.05,47.85,36.6
19-July-2016,3260.0,3261.85,3208.0,3229.4,3227.805998378816,18505,1872,59730550.0,5803.0,31.36,53.85,-30.6
18-July-2016,3253.65,3291.15,3240.0,3254.5,3271.1042667032516,21867,3282,71529237.0,6148.0,28.12,51.15,0.85
15-July-2016,3270.0,3289.0,3220.45,3237.7,3260.680513211382,15744,1822,51336154.0,2202.0,13.99,68.55,-32.3
14-July-2016,3229.0,3271.0,3205.9,3251.3,3242.122201699298,27070,3090,87764248.0,9273.0,34.26,65.1,22.3
13-July-2016,3250.0,3259.95,3220.0,3235.55,3238.2367018953623,11449,1815,37074572.0,1485.0,12.97,39.95,-14.45
12-July-2016,3250.0,3259.35,3223.5,3243.75,3240.584024418337,17364,2149,56269501.0,3710.0,21.37,35.85,-6.25
11-July-2016,3170.0,3244.2,3170.0,3236.55,3230.3621345693127,63863,4899,206300617.0,24701.0,38.68,74.2,66.55
8-July-2016,3125.0,3170.0,3117.55,3160.2,3151.077930281972,17413,1994,54869720.0,3811.0,21.89,52.45,35.2
7-July-2016,3130.0,3135.0,3090.7,3101.3,3115.2746883402588,16364,1400,50978355.0,3175.0,19.4,44.3,-28.7
5-July-2016,3159.8,3161.7,3105.0,3111.5,3124.898117741289,12485,1749,39014353.0,4497.0,36.02,56.7,-48.3
4-July-2016,3225.0,3225.0,3146.2,3161.75,3161.8471185692206,22645,2064,71600028.0,8095.0,35.75,78.8,-63.25
1-July-2016,3185.5,3199.9,3160.35,3176.65,3179.884355146944,19361,2647,61565741.0,3990.0,20.61,39.55,-8.85
30-June-2016,3157.0,3222.35,2987.8,3180.85,3188.353751579356,41156,5211,131219887.0,10287.0,25.0,234.55,23.85
29-June-2016,3035.05,3154.9,3035.05,3145.0,3118.175215772306,34643,3504,108022944.0,8964.0,25.88,119.85,109.95
28-June-2016,3080.0,3080.0,3011.0,3025.5,3039.9481408434362,17239,2342,52405666.0,4902.0,28.44,69.0,-54.5
27-June-2016,3028.95,3082.0,3025.0,3054.6,3051.7464333269922,15771,1739,48129093.0,3472.0,22.02,57.0,25.65
24-June-2016,3062.7,3076.0,2956.0,3055.95,2984.269770690653,117396,2340,350341334.0,96119.0,81.88,120.0,-6.75
23-June-2016,3077.55,3083.8,3038.75,3062.7,3061.3398793198025,9115,1218,27904113.0,2118.0,23.24,45.05,-14.85
22-June-2016,3050.1,3074.1,3027.2,3068.6,3060.857558356328,13409,1600,41043039.0,2202.0,16.42,46.9,18.5
21-June-2016,3055.0,3074.0,3036.5,3048.75,3054.2190279887172,9218,1287,28153791.0,2056.0,22.3,37.5,-6.25
20-June-2016,3005.85,3092.0,3005.85,3048.65,3058.8323704261916,11943,1772,36531635.0,2412.0,20.2,86.15,42.8
17-June-2016,3043.35,3043.35,3015.0,3028.2,3029.924326222457,11391,1675,34513868.0,3669.0,32.21,28.35,-15.15
16-June-2016,3042.2,3054.95,3016.2,3023.4,3030.1864148917125,11174,1315,33859303.0,2484.0,22.23,38.75,-18.8
15-June-2016,3027.65,3086.45,3022.05,3066.7,3065.9234092558663,28933,2877,88706362.0,7175.0,24.8,64.4,39.05
14-June-2016,3036.45,3039.95,2990.5,3011.55,2998.645246194339,64969,2148,194818983.0,46613.0,71.75,49.45,-24.9
13-June-2016,3067.45,3067.45,3017.5,3039.2,3033.7953317197707,30161,2921,91502301.0,9272.0,30.74,49.95,-28.25
10-June-2016,3055.0,3111.0,3055.0,3067.45,3077.173901061044,14514,1945,44662102.0,2267.0,15.62,56.0,12.45
9-June-2016,3160.0,3170.35,3072.0,3083.25,3102.4590932570422,25167,2525,78079588.0,10035.0,39.87,98.35,-76.75
8-June-2016,3130.0,3180.0,3111.8,3170.4,3160.87237425726,11949,1227,37769264.0,2191.0,18.34,68.2,40.4
7-June-2016,3125.0,3146.45,3111.7,3127.9,3131.873081981587,13686,1975,42862815.0,3751.0,27.41,34.75,2.9
6-June-2016,3140.0,3154.0,3090.0,3102.0,3120.4162223198045,15941,2060,49742555.0,5679.0,35.63,64.0,-38.0
3-June-2016,3152.0,3207.9,3100.05,3146.8,3174.3076598056377,33134,3581,105177510.0,7272.0,21.95,107.85,-5.2
2-June-2016,3087.3,3144.0,3060.1,3137.3,3124.0299360146246,21880,2419,68353775.0,3730.0,17.05,83.9,50.0
1-June-2016,3100.05,3132.0,3068.65,3087.3,3121.019925400537,51743,1901,161490934.0,37538.0,72.55,63.35,-12.75
31-May-2016,3104.3,3124.3,3070.0,3099.15,3103.339280982245,67926,2675,210797424.0,48348.0,71.18,54.3,-5.15
30-May-2016,3010.0,3105.7,3005.05,3093.9,3067.0687390071425,27859,4211,85445468.0,6785.0,24.35,100.65,83.9
27-May-2016,2971.1,3008.1,2970.15,3003.25,2998.129372059725,19556,2113,58631418.0,4192.0,21.44,37.95,32.15
26-May-2016,2924.75,2990.05,2916.4,2971.1,2959.5354075864157,23173,2213,68581314.0,7348.0,31.71,73.65,46.35
25-May-2016,2924.0,2934.95,2907.0,2929.25,2924.7231436239767,14531,1851,42499152.0,3019.0,20.78,27.95,5.25
24-May-2016,2865.3,2905.0,2865.3,2893.3,2892.878290354242,11207,1038,32420487.0,4194.0,37.42,39.7,28.0
23-May-2016,2897.0,2900.0,2864.75,2883.95,2884.305947271612,13048,1757,37634424.0,3684.0,28.23,35.25,-13.05
20-May-2016,2890.0,2907.7,2872.1,2896.75,2893.7528130936726,13686,1855,39603901.0,3699.0,27.03,35.6,6.75
19-May-2016,2897.4,2911.95,2869.0,2890.3,2892.7807795775857,17471,1473,50539773.0,3350.0,19.17,42.95,-7.1
18-May-2016,2915.9,2915.9,2862.0,2884.85,2884.195366689513,36475,2431,105201026.0,18487.0,50.68,53.9,-31.05
17-May-2016,2910.0,2958.0,2907.0,2927.95,2937.9185216076726,19183,1566,56358091.0,4556.0,23.75,51.0,17.95
16-May-2016,2913.0,2913.0,2872.0,2902.95,2890.18908898305,15104,1793,43653416.0,2123.0,14.06,41.0,-10.05
13-May-2016,2950.15,2950.15,2897.6,2915.85,2917.5037119041413,15356,1807,44801187.0,3553.0,23.14,52.55,-34.3
12-May-2016,2955.05,2979.1,2945.0,2950.15,2956.928877413297,17041,1460,50389025.0,6080.0,35.68,34.1,-4.9
11-May-2016,2934.1,2980.9,2920.05,2960.65,2961.8839421742223,29537,2846,87485166.0,7878.0,26.67,60.85,26.55
10-May-2016,2948.1,2973.0,2931.0,2961.9,2956.5656728444806,26061,2322,77051058.0,8627.0,33.1,42.0,13.8
9-May-2016,2890.0,2960.0,2890.0,2948.1,2938.8585057977402,27252,2358,80089772.0,7728.0,28.36,70.0,58.1
6-May-2016,2913.0,2913.0,2829.0,2885.05,2872.745491830685,44863,3826,128879981.0,7378.0,16.45,84.0,-27.95
5-May-2016,2922.9,2948.0,2881.0,2893.95,2914.471044427124,51320,4928,149570654.0,10032.0,19.55,67.0,-28.95
4-May-2016,2899.9,2915.35,2884.55,2897.7,2902.2584968152864,19625,1699,56956823.0,6161.0,31.39,30.8,-2.2
3-May-2016,2955.0,2959.0,2865.35,2884.4,2906.094183764928,41281,3742,119966474.0,5958.0,14.43,93.65,-70.6
2-May-2016,2899.4,2930.0,2887.55,2907.7,2903.6249308628317,14464,1676,41998031.0,2138.0,14.78,42.45,8.3
29-April-2016,2890.1,2914.8,2870.0,2901.3,2901.522958870473,16290,1836,47265809.0,2580.0,15.84,44.8,11.2
28-April-2016,2945.0,2947.0,2889.95,2901.3,2913.9097663976045,18707,1886,54510510.0,5373.0,28.72,57.05,-43.7
27-April-2016,2932.1,2963.45,2932.1,2949.05,2940.8181549838428,64368,1563,189294583.0,51982.0,80.76,31.35,16.95
26-April-2016,2964.45,2964.45,2919.0,2932.1,2939.4860411899313,17480,2429,51382216.0,4301.0,24.61,45.45,-32.35
25-April-2016,3000.0,3021.0,2960.0,2967.4,2983.1675714802755,16578,2374,49454952.0,2809.0,16.94,61.0,-32.6
22-April-2016,2980.0,3026.2,2952.05,3001.0,2999.6155784148978,406447,2729,1219184753.0,382674.0,94.15,74.15,21.0
21-April-2016,3050.05,3064.5,2980.0,2988.5,3040.3444596493828,270380,2693,822048335.0,252601.0,93.42,84.5,-61.55
20-April-2016,3069.0,3079.0,3006.25,3040.7,3044.0252586915067,265374,3246,807805159.0,245490.0,92.51,72.75,-28.3
18-April-2016,3148.0,3157.5,3050.0,3065.35,3093.0381792805374,22211,2980,68699471.0,5649.0,25.43,107.5,-82.65
13-April-2016,3060.0,3170.0,3040.1,3151.65,3106.0678456159226,44616,5314,138580323.0,9056.0,20.3,129.9,91.65
12-April-2016,2980.0,3060.0,2973.1,3049.95,3039.208899605436,27372,3375,83189226.0,7787.0,28.45,86.9,69.95
11-April-2016,2941.0,2985.0,2908.05,2976.55,2950.4591801584565,17418,2495,51391098.0,4879.0,28.01,76.95,35.55
8-April-2016,2968.0,2968.0,2885.35,2920.3,2909.186899403965,16442,2270,47832851.0,1344.0,8.17,82.65,-47.7
7-April-2016,2985.0,2985.05,2942.5,2968.3,2962.8435178765967,10097,1562,29915831.0,2395.0,23.72,42.55,-16.7
6-April-2016,2960.0,3005.0,2960.0,2983.55,2987.4992185345227,10877,1763,32495029.0,1421.0,13.06,45.0,23.55
5-April-2016,2978.0,3009.9,2936.7,2956.25,2971.6432115471357,66510,2762,197643990.0,4946.0,7.44,73.2,-21.75
4-April-2016,2970.05,2987.8,2948.05,2979.4,2971.741097690719,15979,2210,47485451.0,3183.0,19.92,39.75,9.35
1-April-2016,2939.0,2970.0,2923.0,2951.05,2949.8953047535724,17145,1670,50575955.0,3042.0,17.74,47.0,12.05
31-March-2016,2920.0,2985.0,2919.1,2943.4,2951.66373991457,46354,4300,136821421.0,17662.0,38.1,65.9,23.4
30-March-2016,2858.0,2923.85,2858.0,2922.45,2919.3710216463564,77796,2706,227115388.0,62000.0,79.7,65.85,64.45
29-March-2016,2848.0,2878.9,2836.3,2851.35,2860.445236552171,10801,1034,30895669.0,2533.0,23.45,42.6,3.35
28-March-2016,2872.2,2878.5,2832.2,2848.2,2852.0879370908515,25052,2913,71450507.0,9478.0,37.83,46.3,-24.0
23-March-2016,2870.0,2914.5,2864.0,2870.35,2888.470192307692,42640,3753,123164369.0,10509.0,24.65,50.5,0.35
22-March-2016,2780.0,2899.0,2754.5,2866.75,2846.9678252458184,106481,5011,303147981.0,56879.0,53.42,144.5,86.75
21-March-2016,2806.0,2823.95,2778.85,2802.75,2801.3652117625297,54070,3594,151469817.0,31142.0,57.6,45.1,-3.25
18-March-2016,2828.0,2837.85,2795.0,2832.9,2829.058867769725,14626,1567,41377815.0,6584.0,45.02,42.85,4.9
17-March-2016,2810.0,2838.0,2807.45,2819.5,2824.812152301134,13841,1042,39098225.0,5403.0,39.04,30.55,9.5
16-March-2016,2820.0,2835.0,2763.5,2797.95,2802.25,24200,2085,67814450.0,7815.0,32.29,71.5,-22.05
15-March-2016,2815.0,2838.0,2807.0,2812.95,2826.280078895464,20280,1140,57316960.0,11422.0,56.32,31.0,-2.05
14-March-2016,2815.1,2833.45,2803.15,2817.15,2814.8582515832604,16106,1625,45336107.0,6594.0,40.94,30.3,2.05
11-March-2016,2812.0,2839.8,2795.0,2810.5,2820.6207565212776,37646,1752,106185089.0,23942.0,63.6,44.8,-1.5
10-March-2016,2827.7,2848.5,2797.75,2812.1,2814.020930410205,78546,4378,221030088.0,41606.0,52.97,50.75,-15.6
9-March-2016,2807.9,2828.75,2789.0,2816.95,2815.1225951061574,16061,1595,45213684.0,7462.0,46.46,39.75,9.05
8-March-2016,2838.0,2850.0,2800.0,2809.9,2833.6468122362608,323236,1805,915936661.0,313657.0,97.04,50.0,-28.1
4-March-2016,2817.0,2854.25,2788.95,2835.8,2831.140403587444,22300,2360,63134431.0,4324.0,19.39,65.3,18.8
3-March-2016,2810.0,2847.05,2810.0,2824.75,2829.5221420370676,36582,3323,103509579.0,9970.0,27.25,37.05,14.75
2-March-2016,2681.0,2857.35,2681.0,2807.75,2823.191765809245,94897,7224,267912429.0,45522.0,47.97,176.35,126.75
1-March-2016,2508.5,2682.0,2506.0,2667.0,2617.572059766728,42097,4137,110191931.0,9627.0,22.87,176.0,158.5
29-February-2016,2570.0,2570.0,2473.85,2499.65,2516.9672799650466,41198,4006,103694018.0,10625.0,25.79,96.15,-70.35
26-February-2016,2640.0,2646.0,2535.1,2557.15,2561.932215989728,14797,2256,37908911.0,3084.0,20.84,110.9,-82.85
25-February-2016,2621.0,2641.3,2593.25,2623.3,2610.0829546143123,16503,1710,43074199.0,2682.0,16.25,48.05,2.3
24-February-2016,2660.3,2660.3,2610.0,2623.45,2635.405810362576,8743,1292,23041353.0,711.0,8.13,50.3,-36.85
23-February-2016,2705.0,2709.9,2655.4,2660.3,2670.5044446615216,10237,1312,27337954.0,2078.0,20.3,54.5,-44.7
22-February-2016,2690.05,2730.1,2673.55,2705.95,2706.194106309596,19716,2382,53355323.0,4064.0,20.61,56.55,15.9
19-February-2016,2615.0,2712.85,2603.0,2704.85,2686.557499874289,59661,4857,160282707.0,30953.0,51.88,109.85,89.85
18-February-2016,2545.0,2630.0,2545.0,2620.95,2600.2036872006242,17954,2572,46684057.0,4512.0,25.13,85.0,75.95
17-February-2016,2510.1,2534.0,2440.0,2523.9,2490.665189279383,19178,1673,47765977.0,5728.0,29.87,94.0,13.8
16-February-2016,2515.7,2567.0,2504.0,2508.45,2525.673457924837,19584,1821,49462789.0,5210.0,26.6,63.0,-7.25
15-February-2016,2514.0,2538.35,2491.0,2515.7,2509.730369729195,16174,1999,40592379.0,2323.0,14.36,47.35,1.7
12-February-2016,2525.55,2533.8,2454.0,2486.5,2499.3353991863714,31464,2462,78639089.0,3592.0,11.42,79.8,-39.05
11-February-2016,2550.1,2561.4,2481.0,2498.45,2519.2260167649797,12884,1600,32457708.0,2491.0,19.33,80.4,-51.65
10-February-2016,2569.6,2576.0,2545.8,2547.45,2549.3545115339425,48509,471,123666638.0,43354.0,89.37,30.2,-22.15
9-February-2016,2549.85,2594.9,2518.0,2579.65,2569.0599044468945,8163,741,20971236.0,2076.0,25.43,76.9,29.8
8-February-2016,2580.1,2585.0,2550.0,2568.1,2572.3785488958993,7608,833,19570656.0,1917.0,25.2,35.0,-12.0
5-February-2016,2509.0,2590.0,2509.0,2578.05,2549.2833122770517,53824,2728,137212625.0,39673.0,73.71,81.0,69.05
4-February-2016,2509.0,2525.0,2472.15,2510.5,2497.3797030709784,9834,1342,24559232.0,1239.0,12.6,52.85,1.5
3-February-2016,2518.0,2541.9,2477.0,2484.7,2506.4382698636573,10635,1061,26655971.0,1891.0,17.78,64.9,-33.3
2-February-2016,2535.0,2545.5,2510.25,2521.8,2525.7547298216964,7347,910,18556720.0,692.0,9.42,35.25,-13.2
1-February-2016,2565.65,2568.75,2508.55,2535.0,2527.7783241455354,45350,2139,114634747.0,24728.0,54.53,60.2,-30.65
29-January-2016,2442.15,2575.0,2442.15,2562.8,2523.236398333139,25677,2429,64789141.0,5986.0,23.31,132.85,120.65
28-January-2016,2489.1,2508.7,2430.0,2448.55,2477.263944723618,23880,3563,59157063.0,9234.0,38.67,78.7,-40.55
27-January-2016,2538.75,2539.05,2471.0,2482.05,2501.928237224281,16457,2833,41174233.0,6322.0,38.42,68.05,-56.7
25-January-2016,2595.2,2597.8,2497.55,2520.8,2531.781233211962,16753,2217,42414931.0,3024.0,18.05,100.25,-74.4
22-January-2016,2483.45,2600.0,2478.1,2586.05,2552.1596677702273,17217,2550,43940533.0,3799.0,22.07,121.9,102.6
21-January-2016,2488.0,2539.95,2466.0,2473.5,2495.3873885137955,23994,2794,59874325.0,5318.0,22.16,73.95,-14.5
20-January-2016,2470.0,2505.45,2458.0,2488.05,2483.1069890520416,19273,2529,47856921.0,6835.0,35.46,47.45,18.05
19-January-2016,2448.8,2498.45,2448.8,2482.95,2476.865553939208,13061,1563,32350341.0,3247.0,24.86,49.65,34.15
18-January-2016,2425.0,2450.0,2375.0,2431.2,2410.746084176878,9385,1139,22624852.0,2194.0,23.38,75.0,6.2
15-January-2016,2449.0,2449.0,2410.0,2425.35,2430.6122960151806,13175,1513,32023317.0,3619.0,27.47,39.0,-23.65
14-January-2016,2449.0,2467.95,2416.6,2433.1,2432.009506915379,36079,1922,87744471.0,23447.0,64.99,51.35,-15.9
13-January-2016,2478.45,2479.7,2421.0,2470.75,2459.7846694796062,14220,1730,34978138.0,3512.0,24.7,58.7,-7.7
12-January-2016,2480.0,2500.0,2460.0,2469.55,2473.9086784359015,12122,2156,29988721.0,3011.0,24.84,40.0,-10.45
11-January-2016,2488.95,2525.0,2456.0,2503.2,2489.3008972342986,10811,1261,26911832.0,1551.0,14.35,69.0,14.25
8-January-2016,2529.75,2537.35,2484.25,2489.0,2501.043582937219,16199,1593,40514405.0,4625.0,28.55,53.1,-40.75
7-January-2016,2561.9,2573.7,2505.85,2513.15,2528.461017689452,9158,1203,23155646.0,1493.0,16.3,67.85,-48.75
6-January-2016,2640.0,2640.0,2577.0,2581.75,2600.039184055784,38434,1178,99929906.0,1527.0,3.97,63.0,-58.25
5-January-2016,2644.95,2655.25,2605.7,2621.05,2631.957505518764,9060,1183,23845535.0,1677.0,18.51,49.55,-23.9
4-January-2016,2665.0,2669.7,2635.45,2645.5,2652.4202882902337,18523,2459,49130781.0,5666.0,30.59,34.25,-19.5
1-January-2016,2695.0,2696.05,2674.0,2687.85,2686.8136772645476,8335,832,22394592.0,1365.0,16.38,22.05,-7.15
31-December-2015,2715.0,2717.9,2672.05,2695.25,2707.575744760831,63846,2163,172867881.0,52477.0,82.19,45.85,-19.75
30-December-2015,2720.0,2732.65,2707.0,2711.65,2718.626833822352,7498,722,20384264.0,2461.0,32.82,25.65,-8.35
29-December-2015,2692.05,2740.0,2692.05,2734.25,2725.5183953033265,10220,1428,27854798.0,2583.0,25.27,47.95,42.2
28-December-2015,2691.0,2707.9,2688.0,2702.25,2699.879198326176,9081,943,24517603.0,2303.0,25.36,19.9,11.25
24-December-2015,2653.1,2695.0,2653.1,2689.7,2687.055657352267,8732,850,23463370.0,2379.0,27.24,41.9,36.6
23-December-2015,2675.0,2693.0,2662.2,2675.2,2677.168520263901,5305,643,14202379.0,395.0,7.45,30.8,0.2
22-December-2015,2710.0,2710.0,2662.0,2669.0,2686.5562097000284,14268,1679,38331784.0,4841.0,33.93,48.0,-41.0
21-December-2015,2650.0,2705.0,2637.1,2695.8,2677.568207440812,10644,1586,28500036.0,2516.0,23.64,67.9,45.8
18-December-2015,2645.0,2662.85,2622.5,2641.6,2645.8087846481885,11725,1583,31022108.0,2802.0,23.9,40.35,-3.4
17-December-2015,2615.0,2660.0,2603.0,2649.75,2631.395979963224,15771,1733,41499746.0,5670.0,35.95,57.0,34.75
16-December-2015,2585.4,2616.0,2573.9,2593.45,2596.2793831031267,11801,1238,30638693.0,2953.0,25.02,42.1,8.05
15-December-2015,2500.0,2573.8,2500.0,2563.85,2545.2028076463557,66960,1794,170426780.0,51968.0,77.61,73.8,63.85
14-December-2015,2523.3,2556.0,2501.7,2537.45,2516.234961976665,328351,1677,826208266.0,310003.0,94.41,54.3,14.15
11-December-2015,2562.0,2562.0,2516.0,2523.3,2535.497942104541,14578,1145,36962489.0,2999.0,20.57,46.0,-38.7
10-December-2015,2570.0,2574.8,2535.55,2545.6,2552.1251624079687,13854,1508,35357142.0,3831.0,27.65,39.25,-24.4
9-December-2015,2600.0,2600.0,2534.9,2546.8,2561.5930323846906,10190,1208,26102633.0,0.0,0.0,65.1,-53.2
8-December-2015,2621.35,2637.05,2586.0,2602.85,2610.1669853409812,10983,838,28667464.0,2713.0,24.7,51.05,-18.5
7-December-2015,2630.0,2662.95,2611.0,2621.35,2634.244685731763,13078,1424,34450652.0,2549.0,19.49,51.95,-8.65
4-December-2015,2625.0,2633.95,2603.05,2617.15,2616.5267479153304,7795,941,20395826.0,1506.0,19.32,30.9,-7.85
3-December-2015,2655.0,2680.05,2610.55,2618.35,2656.6933296226857,68272,2311,181377767.0,58239.0,85.3,69.5,-36.65
2-December-2015,2674.0,2699.9,2666.75,2675.85,2681.6761471103327,14275,1484,38280927.0,3777.0,26.46,33.15,1.85
1-December-2015,2710.0,2715.7,2668.35,2677.75,2689.827609263874,16451,1779,44250354.0,3954.0,24.04,47.35,-32.25
30-November-2015,2700.05,2732.0,2680.1,2702.65,2711.1344035920033,23608,2867,64004461.0,7664.0,32.46,51.9,2.6
27-November-2015,2672.0,2714.05,2660.5,2704.15,2689.4356613388927,17268,1744,46441175.0,2754.0,15.95,53.55,32.15
26-November-2015,2610.0,2698.0,2610.0,2680.8,2641.0941228073984,690789,17150,1824438768.0,233465.0,33.8,88.0,70.8
24-November-2015,2659.0,2667.7,2631.0,2645.8,2648.7622104884185,16666,1335,44144271.0,3739.0,22.43,36.7,-13.2
23-November-2015,2573.35,2664.5,2571.8,2637.25,2638.9961207504584,42534,3887,112247061.0,9064.0,21.31,92.7,63.9
20-November-2015,2601.2,2638.95,2558.0,2563.65,2589.468537986345,46135,3238,119465131.0,14042.0,30.44,80.95,-37.55
19-November-2015,2609.9,2683.8,2580.0,2591.35,2645.305859130519,62313,5658,164836944.0,16963.0,27.22,103.8,-18.55
18-November-2015,2597.75,2604.0,2556.7,2571.85,2584.39715206878,18610,1182,48095631.0,5312.0,28.54,47.3,-25.9
17-November-2015,2604.0,2615.55,2574.85,2597.8,2594.2505837162007,13277,1176,34443865.0,3251.0,24.49,40.7,-6.2
16-November-2015,2600.7,2643.8,2587.0,2611.45,2615.0441125087355,11448,1014,29937025.0,1839.0,16.06,56.8,10.75
13-November-2015,2660.0,2664.0,2600.4,2610.95,2627.614025297619,5376,739,14126053.0,939.0,17.47,63.6,-49.05
11-November-2015,2675.0,2677.25,2634.4,2644.4,2646.356696220252,10715,813,28355712.0,5329.0,49.73,42.85,-30.6
10-November-2015,2637.9,2666.0,2605.0,2657.4,2650.5152647247673,17131,1620,45405977.0,4124.0,24.07,61.0,19.5
9-November-2015,2615.0,2648.2,2605.0,2618.5,2620.9579095433887,9242,999,24222893.0,1340.0,14.5,43.2,3.5
6-November-2015,2626.05,2666.8,2592.2,2632.9,2644.539086294416,24625,2221,65121775.0,5473.0,22.23,74.6,6.85
5-November-2015,2581.0,2659.0,2580.0,2638.6,2642.4349158776654,29362,1803,77587174.0,7550.0,25.71,79.0,57.6
4-November-2015,2599.0,2632.0,2593.0,2614.4,2615.9393836315394,14699,1689,38451693.0,2965.0,20.17,39.0,15.4
3-November-2015,2549.05,2596.55,2538.4,2583.75,2570.4682041484716,14656,1423,37672782.0,2514.0,17.15,58.15,34.7
2-November-2015,2581.0,2584.0,2538.6,2549.1,2555.5868398052194,8009,1048,20467695.0,1290.0,16.11,45.4,-31.9
30-October-2015,2611.0,2626.95,2568.05,2585.0,2602.4935177865605,12650,1396,32921543.0,2033.0,16.07,58.9,-26.0
29-October-2015,2618.0,2635.95,2605.85,2625.75,2621.891151135474,7662,1065,20088930.0,1617.0,21.1,30.1,7.75
28-October-2015,2618.2,2631.9,2595.5,2623.55,2619.1785508913167,6956,755,18219006.0,1345.0,19.34,36.4,5.35
27-October-2015,2619.0,2642.0,2587.2,2620.4,2610.522791238375,32688,1541,85332769.0,17836.0,54.56,54.8,1.4
26-October-2015,2590.1,2631.0,2590.0,2619.3,2617.9715881883485,12530,1490,32803184.0,2855.0,22.79,41.0,29.2
23-October-2015,2625.35,2644.35,2581.0,2594.95,2610.993151100067,16499,1165,43078776.0,3122.0,18.92,63.35,-30.4
21-October-2015,2665.0,2665.0,2592.2,2619.05,2625.6091537555294,44987,3980,118118279.0,7128.0,15.84,72.8,-45.95
20-October-2015,2590.05,2625.0,2589.05,2605.05,2603.0936522991537,28467,2768,74102267.0,3176.0,11.16,35.95,15.0
19-October-2015,2582.0,2622.0,2565.0,2613.55,2603.853015646302,15403,1579,40107148.0,4470.0,29.02,57.0,31.55
16-October-2015,2567.45,2598.0,2559.0,2586.85,2578.231282339006,16041,1320,41357408.0,4308.0,26.86,39.0,19.4
15-October-2015,2524.0,2578.6,2501.1,2567.45,2553.152129032258,15500,1445,39573858.0,5280.0,34.06,77.5,43.45
14-October-2015,2538.0,2548.5,2493.7,2505.75,2509.806778706224,10651,1226,26731952.0,1572.0,14.76,54.8,-32.25
13-October-2015,2547.0,2562.0,2525.05,2538.85,2539.366923925027,13605,1054,34548087.0,2693.0,19.79,36.95,-8.15
12-October-2015,2575.0,2596.2,2540.1,2547.65,2566.7828073859073,16193,1248,41563914.0,3414.0,21.08,56.1,-27.35
9-October-2015,2560.0,2583.0,2554.4,2565.25,2568.2750386762627,14867,1062,38182545.0,1745.0,11.74,28.6,5.25
8-October-2015,2539.0,2561.85,2524.65,2539.6,2538.220217749082,15798,1260,40098803.0,3253.0,20.59,37.2,0.6
7-October-2015,2523.6,2554.0,2495.95,2539.2,2529.725945748693,24663,2135,62390631.0,2356.0,9.55,58.05,15.6
6-October-2015,2515.0,2550.0,2512.4,2532.55,2526.9021186631276,22231,1925,56175561.0,3283.0,14.77,37.6,17.55
5-October-2015,2439.9,2516.0,2435.7,2501.65,2478.436168775611,22207,2096,55038632.0,6332.0,28.51,80.3,61.75
1-October-2015,2395.0,2470.95,2393.6,2413.35,2421.994123408423,46966,3735,113751376.0,8583.0,18.27,77.35,18.35
30-September-2015,2344.4,2410.0,2313.7,2395.65,2351.4811275451398,20824,2122,48967243.0,4100.0,19.69,96.3,51.25
29-September-2015,2350.0,2370.0,2305.0,2331.7,2332.537899758525,33958,1582,79208322.0,15150.0,44.61,65.0,-18.3
28-September-2015,2400.0,2400.0,2339.0,2350.75,2352.3983547925604,13980,1321,32886529.0,4143.0,29.64,61.0,-49.25
24-September-2015,2387.65,2421.0,2371.0,2380.65,2397.707455753984,12487,1038,29940173.0,1900.0,15.22,50.0,-7.0
23-September-2015,2386.1,2405.0,2384.45,2401.3,2394.9713728494803,14357,716,34384604.0,3564.0,24.82,20.55,15.2
22-September-2015,2433.0,2448.0,2376.65,2386.1,2408.4205447137033,9326,1184,22460930.0,4021.0,43.12,71.35,-46.9
21-September-2015,2427.7,2448.0,2394.65,2424.8,2424.942214668584,7649,702,18548383.0,1219.0,15.94,53.35,-2.9
18-September-2015,2375.0,2443.5,2375.0,2428.55,2425.703063138153,23995,2414,58204745.0,5531.0,23.05,68.5,53.55
16-September-2015,2322.25,2379.95,2321.7,2363.0,2362.363720560995,22674,2172,53564235.0,4157.0,18.33,58.25,40.75
15-September-2015,2350.0,2350.0,2307.95,2310.6,2313.8771141203565,35594,1970,82360142.0,21190.0,59.53,42.05,-39.4
14-September-2015,2350.0,2360.45,2322.35,2348.6,2341.2245824983293,7485,646,17524066.0,2071.0,27.67,38.1,-1.4
11-September-2015,2349.9,2366.95,2332.9,2342.05,2343.2014201483553,15773,996,36959316.0,4377.0,27.75,34.05,-7.85
10-September-2015,2347.0,2363.0,2300.05,2343.95,2348.023304141309,80844,1474,189823596.0,67294.0,83.24,62.95,-3.05
9-September-2015,2328.05,2369.8,2328.05,2347.75,2352.561031879194,14304,1155,33651033.0,3885.0,27.16,41.75,19.7
8-September-2015,2292.0,2330.0,2286.6,2317.3,2308.0670526079134,17792,1276,41065129.0,4190.0,23.55,43.4,25.3
7-September-2015,2293.0,2312.5,2259.1,2279.8,2279.9445413553635,30383,1677,69271555.0,13912.0,45.79,53.4,-13.2
4-September-2015,2330.0,2336.9,2270.0,2292.55,2289.0994955700708,30926,2280,70792691.0,8180.0,26.45,66.9,-37.45
3-September-2015,2350.0,2365.0,2322.9,2329.95,2337.0779096398087,24015,1884,56124926.0,8171.0,34.02,42.1,-20.05
2-September-2015,2360.15,2388.4,2302.7,2343.25,2347.7272514570127,47014,3283,110376049.0,9585.0,20.39,85.7,-16.9
1-September-2015,2394.95,2395.4,2369.55,2385.3,2381.638847390104,44178,2354,105216041.0,31736.0,71.84,25.85,-9.65
31-August-2015,2399.0,2411.45,2381.1,2397.35,2394.597961134119,15695,1249,37583215.0,4078.0,25.98,30.35,-1.65
28-August-2015,2418.0,2432.0,2381.15,2400.95,2410.8227647752146,29695,2203,71589382.0,10199.0,34.35,50.85,-17.05
27-August-2015,2419.0,2419.0,2364.5,2380.7,2383.725212528469,44347,3381,105711062.0,16304.0,36.76,54.5,-38.3
26-August-2015,2465.0,2475.0,2366.1,2391.95,2402.815186503162,117183,5038,281569092.0,82344.0,70.27,108.9,-73.05
25-August-2015,2475.1,2514.3,2404.15,2477.5,2447.9020490698304,37090,3095,90792687.0,12044.0,32.47,110.15,2.4
24-August-2015,2539.95,2539.95,2405.0,2478.95,2477.06453296358,262517,4891,650271550.0,208051.0,79.25,134.95,-61.0
21-August-2015,2625.0,2648.65,2535.1,2559.9,2555.683640277445,41810,3799,106853133.0,12429.0,29.73,113.55,-65.1
20-August-2015,2660.0,2660.0,2624.2,2633.9,2640.703883159133,14447,1565,38150249.0,3860.0,26.72,35.8,-26.1
19-August-2015,2645.0,2705.0,2617.35,2690.0,2676.094250773124,28456,2340,76150938.0,7951.0,27.94,87.65,45.0
18-August-2015,2657.9,2678.7,2634.55,2641.85,2653.4925562510575,11822,977,31369589.0,2406.0,20.35,44.15,-16.05
17-August-2015,2682.0,2720.0,2642.0,2653.5,2673.634507535927,22824,2436,61023034.0,8324.0,36.47,78.0,-28.5
14-August-2015,2640.0,2722.0,2640.0,2714.0,2689.2259904091243,23147,1872,62247514.0,5982.0,25.84,82.0,74.0
13-August-2015,2664.0,2681.0,2612.25,2643.85,2656.6013836840593,17345,1884,46078751.0,4877.0,28.12,68.75,-20.15
12-August-2015,2678.0,2692.0,2626.15,2635.35,2653.9699484471266,23859,1952,63321069.0,6209.0,26.02,65.85,-42.65
11-August-2015,2704.85,2718.95,2668.0,2678.7,2700.8800736683493,41809,1485,112921095.0,28522.0,68.22,50.95,-26.15
10-August-2015,2673.0,2728.65,2663.1,2704.85,2702.531701259535,28185,2337,76170856.0,7290.0,25.86,65.55,31.85
7-August-2015,2652.65,2669.0,2641.0,2660.5,2657.8894680471262,14005,1086,37223742.0,3172.0,22.65,28.0,7.85
6-August-2015,2665.25,2680.95,2641.0,2652.65,2655.584945353789,19489,1425,51754695.0,4599.0,23.6,39.95,-12.6
5-August-2015,2644.95,2673.3,2629.75,2660.4,2652.696864007631,33546,2453,88987369.0,5479.0,16.33,43.55,15.45
4-August-2015,2785.0,2800.0,2613.8,2624.25,2705.7066925969975,124436,9054,336687318.0,30027.0,24.13,186.2,-160.75
3-August-2015,2655.0,2717.0,2604.15,2697.85,2664.097078749909,68635,4335,182850303.0,5425.0,7.9,112.85,42.85
31-July-2015,2587.6,2693.5,2587.6,2674.45,2661.332515014685,22811,2418,60707656.0,6200.0,27.18,105.9,86.85
30-July-2015,2565.0,2626.6,2565.0,2587.6,2597.798411768535,15363,1429,39909977.0,2611.0,17.0,61.6,22.6
29-July-2015,2540.0,2580.3,2505.4,2566.25,2547.5948418576286,22954,1666,58477492.0,3195.0,13.92,74.9,26.25
28-July-2015,2600.0,2629.0,2519.0,2531.55,2551.7440794306117,39481,3883,100745408.0,11051.0,27.99,110.0,-68.45
27-July-2015,2715.0,2738.0,2597.45,2605.65,2649.6964018691588,21400,2498,56703503.0,5957.0,27.84,140.55,-109.35
24-July-2015,2709.5,2747.25,2700.0,2738.2,2724.8042747021723,14270,1308,38882957.0,4623.0,32.4,47.25,28.7
23-July-2015,2706.7,2729.95,2676.3,2714.3,2703.937675397568,17104,1678,46248150.0,3292.0,19.25,53.65,7.6
22-July-2015,2685.95,2720.0,2678.45,2707.7,2702.8583353207728,12579,1466,33999255.0,3994.0,31.75,41.55,21.75
21-July-2015,2662.0,2695.0,2662.0,2685.85,2683.2407479548115,12835,1177,34439395.0,4839.0,37.7,33.0,23.85
20-July-2015,2674.55,2674.55,2654.85,2660.75,2662.3137983056745,8617,1137,22941158.0,3001.0,34.83,19.7,-13.8
17-July-2015,2659.95,2678.1,2642.2,2649.8,2659.456366788673,10382,895,27610476.0,2682.0,25.83,35.9,-10.15
16-July-2015,2651.0,2665.45,2640.0,2650.0,2652.4426705370106,13091,1264,34723127.0,3789.0,28.94,25.45,-1.0
15-July-2015,2674.95,2674.95,2653.0,2660.1,2662.345225027443,9110,773,24253965.0,2037.0,22.36,21.95,-14.85
14-July-2015,2600.65,2658.0,2596.2,2640.2,2633.6248156787046,37299,2333,98231572.0,6690.0,17.94,61.8,39.55
13-July-2015,2572.2,2615.0,2552.2,2600.65,2579.1872233869085,17172,1602,44289803.0,1429.0,8.32,62.8,28.45
10-July-2015,2605.4,2618.0,2565.15,2572.5,2586.3897949960965,24341,2003,62955314.0,8514.0,34.98,52.85,-32.9
9-July-2015,2550.0,2610.0,2550.0,2605.4,2589.753546099291,20868,1859,54042977.0,5834.0,27.96,60.0,55.4
8-July-2015,2559.65,2581.7,2517.9,2552.95,2560.8034774651105,30597,2633,78352904.0,7126.0,23.29,63.8,-6.7
7-July-2015,2612.4,2634.35,2557.05,2562.5,2587.3878623147034,43781,2774,113278428.0,21026.0,48.03,77.3,-49.9
6-July-2015,2575.0,2623.5,2556.0,2612.4,2604.2906199697572,20501,1824,53390562.0,6450.0,31.46,67.5,37.4
3-July-2015,2528.3,2585.0,2528.3,2577.8,2565.6861619359333,18637,2066,47816693.0,7977.0,42.8,56.7,49.5
2-July-2015,2520.0,2567.3,2520.0,2532.85,2546.969024977311,25343,2253,64547836.0,3776.0,14.9,47.3,12.85
1-July-2015,2552.0,2552.0,2500.0,2518.8,2515.968475412363,25948,2072,65284350.0,5044.0,19.44,52.0,-33.2
30-June-2015,2549.8,2551.7,2504.0,2524.3,2518.66268115942,13800,1373,34757545.0,3224.0,23.36,47.7,-25.5
29-June-2015,2525.0,2555.45,2503.0,2538.45,2531.1520182073764,14939,2048,37812880.0,4030.0,26.98,52.45,13.45
26-June-2015,2550.0,2567.3,2522.1,2547.0,2540.545257542925,17997,1444,45722193.0,3436.0,19.09,45.2,-3.0
25-June-2015,2525.4,2573.0,2525.4,2552.05,2553.9767321613244,13538,1406,34575737.0,2184.0,16.13,47.6,26.65
24-June-2015,2523.2,2545.25,2513.0,2521.15,2523.5364250391995,16582,1232,41845281.0,5061.0,30.52,32.25,-2.05
23-June-2015,2589.9,2713.7,2516.8,2523.2,2537.7319064211047,20090,1998,50983034.0,5799.0,28.87,196.9,-66.7
22-June-2015,2589.5,2589.5,2567.15,2580.6,2579.25618062563,7928,1010,20448343.0,2933.0,37.0,22.35,-8.9
19-June-2015,2549.9,2578.0,2535.75,2551.7,2558.1208436581574,17353,1697,44391071.0,3704.0,21.35,42.25,1.8
18-June-2015,2540.0,2547.0,2516.55,2523.9,2525.861191719117,128537,2425,324666620.0,100613.0,78.28,30.45,-16.1
17-June-2015,2579.85,2579.85,2517.0,2525.6,2532.5892212382655,26311,1967,66634955.0,8113.0,30.84,62.85,-54.25
16-June-2015,2519.9,2555.0,2500.15,2543.9,2526.82914624183,9792,912,24742711.0,3305.0,33.75,54.85,24.0
15-June-2015,2500.0,2530.0,2497.4,2509.25,2511.174370886566,12915,1199,32431817.0,3353.0,25.96,32.6,9.25
12-June-2015,2502.0,2522.0,2485.0,2506.8,2506.309634872125,12434,966,31163454.0,4440.0,35.71,37.0,4.8
11-June-2015,2535.0,2547.0,2497.25,2503.65,2513.680094571246,10997,778,27642940.0,1101.0,10.01,49.75,-31.35
10-June-2015,2505.0,2528.0,2502.4,2516.25,2515.8714636489804,18734,1445,47132336.0,5524.0,29.49,25.6,11.25
9-June-2015,2523.0,2530.8,2490.0,2501.65,2504.9430028328607,8825,904,22106122.0,1173.0,13.29,40.8,-21.35
8-June-2015,2580.55,2596.35,2510.0,2519.2,2538.1096774193547,11005,1481,27931897.0,3068.0,27.88,86.35,-61.35
5-June-2015,2549.0,2589.0,2530.0,2576.85,2564.1976791412826,17235,1381,44193947.0,3768.0,21.86,59.0,27.85
4-June-2015,2597.6,2597.6,2538.0,2548.4,2550.0765442723277,20916,1761,53337401.0,6176.0,29.53,59.6,-49.2
3-June-2015,2610.0,2630.0,2568.0,2578.05,2591.020104110572,22284,1842,57738292.0,5686.0,25.52,62.0,-31.95
2-June-2015,2700.0,2700.5,2601.35,2607.85,2629.4693996906003,53006,5466,139377655.0,17472.0,32.96,99.15,-92.15
1-June-2015,2680.5,2738.6,2647.0,2709.7,2698.8234497969825,19949,1886,53838829.0,5449.0,27.31,91.6,29.2
29-May-2015,2640.0,2705.0,2623.25,2696.0,2664.1552036602397,33659,4054,89672800.0,11608.0,34.49,81.75,56.0
28-May-2015,2622.0,2659.0,2595.1,2641.95,2635.0669325756744,36604,1665,96453990.0,3031.0,8.28,63.9,19.95
27-May-2015,2600.0,2659.95,2593.0,2605.05,2634.646201219129,31826,1912,83850250.0,4071.0,12.79,66.95,5.05
26-May-2015,2599.0,2636.15,2587.85,2616.05,2616.607097658722,18964,1759,49621337.0,3785.0,19.96,48.3,17.05
25-May-2015,2601.95,2603.35,2580.0,2586.85,2589.8709239130435,8096,541,20967595.0,1684.0,20.8,23.35,-15.1
22-May-2015,2580.0,2610.0,2579.0,2600.9,2594.52508183668,11303,886,29325917.0,2037.0,18.02,31.0,20.9
21-May-2015,2579.0,2613.7,2555.95,2602.5,2588.899892756971,24244,1575,62765289.0,3114.0,12.84,57.75,23.5
20-May-2015,2581.25,2595.0,2574.35,2579.25,2581.437435531223,12603,1479,32533856.0,4040.0,32.06,20.65,-2.0
19-May-2015,2519.0,2608.0,2519.0,2575.1,2581.979736997328,28821,2129,74415238.0,5492.0,19.06,89.0,56.1
18-May-2015,2540.0,2547.7,2507.0,2520.6,2519.0516964370095,10581,929,26654086.0,3360.0,31.76,40.7,-19.4
15-May-2015,2530.0,2552.2,2515.5,2528.4,2531.1055486024197,14382,1197,36402360.0,3047.0,21.19,36.7,-1.6
14-May-2015,2503.0,2548.0,2483.2,2529.95,2528.0472371671235,29553,2736,74711380.0,6866.0,23.23,64.8,26.95
13-May-2015,2474.2,2527.45,2474.2,2502.1,2505.299690197991,63589,6261,159309502.0,26376.0,41.48,53.25,27.9
12-May-2015,2399.0,2494.9,2385.15,2459.9,2455.5666438091966,93332,6985,229182946.0,13358.0,14.31,109.75,60.9
11-May-2015,2345.0,2403.8,2311.4,2384.2,2375.8655826923937,44466,3222,105645239.0,14273.0,32.1,92.4,39.2
8-May-2015,2305.0,2330.0,2252.0,2301.55,2284.080327388837,71719,11378,163811957.0,15039.0,20.97,78.0,-3.45
7-May-2015,2328.0,2371.0,2312.75,2354.1,2347.1019042204066,100251,11313,235299313.0,46930.0,46.81,58.25,26.1
6-May-2015,2356.0,2356.0,2310.0,2325.95,2326.4664969450096,39280,5490,91383604.0,17319.0,44.09,46.0,-30.05
5-May-2015,2389.55,2390.0,2340.65,2357.7,2360.136126313141,31794,3555,75038168.0,18261.0,57.44,49.35,-31.85
4-May-2015,2345.0,2397.95,2334.1,2386.0,2364.375967268522,22486,5260,53165358.0,5045.0,22.44,63.85,41.0
30-April-2015,2365.1,2365.1,2324.9,2329.45,2336.0586327585647,155715,8425,363759370.0,114236.0,73.36,40.2,-35.65
29-April-2015,2357.0,2389.7,2340.6,2372.85,2368.397818053845,28415,5787,67298024.0,12384.0,43.58,49.1,15.85
28-April-2015,2303.6,2369.8,2302.1,2356.35,2356.1568133866863,68725,5214,161926877.0,46998.0,68.39,67.7,52.75
27-April-2015,2351.0,2360.0,2298.45,2324.05,2313.800678923885,491955,4446,1138285813.0,464134.0,94.34,61.55,-26.95
24-April-2015,2385.0,2394.0,2325.0,2352.55,2371.9373590021146,296547,5883,703390908.0,279727.0,94.33,69.0,-32.45
23-April-2015,2410.0,2426.95,2362.0,2372.55,2386.762549329124,25340,4710,60480563.0,7729.0,30.5,64.95,-37.45
22-April-2015,2348.45,2417.8,2341.35,2408.6,2381.2769930734758,29452,5938,70133370.0,12769.0,43.36,76.45,60.15
21-April-2015,2349.9,2349.9,2294.0,2329.45,2321.600746132183,27341,5569,63474886.0,12437.0,45.49,55.9,-20.45
20-April-2015,2409.55,2426.0,2300.0,2314.7,2341.000147761414,40606,7625,95058652.0,17383.0,42.81,126.0,-94.85
17-April-2015,2430.0,2438.1,2383.2,2410.15,2408.418729360438,33007,5588,79494677.0,12730.0,38.57,54.9,-19.85
16-April-2015,2525.0,2525.0,2415.0,2428.85,2451.838615230697,67968,7555,166646567.0,33091.0,48.69,110.0,-96.15
15-April-2015,2581.0,2587.05,2505.0,2523.85,2553.5225608028813,24711,4049,63100096.0,11942.0,48.33,82.05,-57.15
13-April-2015,2586.0,2595.45,2567.85,2580.65,2580.4800392423217,26502,5398,68387882.0,16259.0,61.35,27.6,-5.35
10-April-2015,2629.0,2629.0,2575.0,2584.25,2597.5442518879336,383091,9356,995095825.0,362916.0,94.73,54.0,-44.75
9-April-2015,2625.0,2631.0,2602.7,2610.0,2607.296064400716,84968,3541,221536732.0,70407.0,82.86,28.3,-15.0
8-April-2015,2657.7,2657.7,2600.15,2605.1,2619.5966837926194,17128,2465,44868452.0,7651.0,44.67,57.55,-52.6
7-April-2015,2680.0,2680.0,2622.2,2640.0,2643.7164677405895,11981,2224,31674367.0,2019.0,16.85,57.8,-40.0
6-April-2015,2655.5,2678.0,2634.35,2671.8,2659.981962481962,13860,2129,36867350.0,3488.0,25.17,43.65,16.3
1-April-2015,2633.9,2667.5,2629.2,2655.6,2650.3249505277045,12128,2196,32143141.0,3469.0,28.6,38.3,21.7
31-March-2015,2643.55,2657.15,2620.1,2642.6,2641.5465116279074,27434,2820,72468187.0,15110.0,55.08,37.05,-0.95
30-March-2015,2580.0,2662.25,2564.35,2636.55,2621.681739130435,22425,3570,58791213.0,7008.0,31.25,97.9,56.55
27-March-2015,2601.25,2601.25,2556.4,2576.75,2571.8079854809444,27550,3787,70853310.0,14702.0,53.36,44.85,-24.5
26-March-2015,2599.0,2621.9,2577.4,2608.05,2606.353951584194,22472,4128,58569986.0,10355.0,46.08,44.5,9.05
25-March-2015,2623.7,2623.7,2590.0,2595.6,2597.1310494992017,34445,2336,89458179.0,26347.0,76.49,33.7,-28.1
24-March-2015,2644.0,2645.0,2601.0,2607.8,2611.6997253790005,44789,4170,116975419.0,30341.0,67.74,44.0,-36.2
23-March-2015,2610.0,2644.6,2604.25,2638.0,2625.1812225263334,12057,2069,31651810.0,3491.0,28.95,40.35,28.0
20-March-2015,2665.0,2666.0,2605.0,2614.8,2628.6810890142892,87896,4538,231050553.0,71409.0,81.24,61.0,-50.2
19-March-2015,2680.0,2698.0,2652.3,2665.05,2671.8029543911825,30937,3634,82657568.0,14735.0,47.63,45.7,-14.95
18-March-2015,2653.0,2688.75,2640.05,2674.05,2675.936506693807,25546,5529,68359474.0,9646.0,37.76,48.7,21.05
17-March-2015,2648.0,2656.5,2634.8,2652.45,2649.5268562688902,27461,2750,72758657.0,14744.0,53.69,21.7,4.45
16-March-2015,2615.25,2645.0,2600.75,2629.65,2620.559256763261,20774,2733,54439498.0,5771.0,27.78,44.25,14.4
13-March-2015,2660.0,2660.0,2604.05,2609.5,2620.9819220048166,36951,4456,96847903.0,17837.0,48.27,55.95,-50.5
12-March-2015,2621.0,2647.45,2616.85,2642.65,2639.8932553507716,166191,3883,438726500.0,153247.0,92.21,30.6,21.65
11-March-2015,2616.0,2624.2,2595.0,2617.0,2612.9433316557624,29805,4440,77878776.0,12058.0,40.46,29.2,1.0
10-March-2015,2601.0,2626.0,2600.0,2620.55,2617.1201325040556,44376,6743,116137323.0,19125.0,43.1,26.0,19.55
9-March-2015,2607.95,2607.95,2574.0,2599.65,2591.3380781299743,21989,3426,56980933.0,7463.0,33.94,33.95,-8.3
5-March-2015,2629.4,2634.0,2591.0,2608.1,2604.6740240117606,48976,6840,127566515.0,17834.0,36.41,43.0,-21.3
4-March-2015,2640.0,2675.45,2611.0,2621.4,2646.823954777374,54486,4899,144214850.0,31086.0,57.05,64.45,-18.6
3-March-2015,2626.0,2650.0,2600.05,2636.95,2629.90673630356,28146,4315,74021355.0,9741.0,34.61,49.95,10.95
2-March-2015,2687.0,2703.25,2616.4,2624.75,2637.8894170961435,45016,5394,118747230.0,19550.0,43.43,86.85,-62.25
28-February-2015,2673.95,2699.4,2641.8,2682.65,2663.2889386421402,33052,5092,88027026.0,7700.0,23.3,57.6,8.7
27-February-2015,2630.0,2679.6,2630.0,2670.35,2664.3982260825283,70691,8184,188348975.0,41137.0,58.19,49.6,40.35
26-February-2015,2630.1,2633.65,2602.2,2625.65,2620.3115906121893,44398,5191,116336594.0,21006.0,47.31,31.45,-4.45
25-February-2015,2670.0,2670.0,2615.1,2625.55,2634.697414213693,30745,4295,81003772.0,11883.0,38.65,54.9,-44.45
24-February-2015,2655.4,2670.0,2641.0,2651.2,2654.9702649038686,41298,3678,109644962.0,18103.0,43.84,29.0,-4.2
23-February-2015,2660.0,2665.0,2630.15,2646.8,2645.4095925167367,32713,5054,86539284.0,13632.0,41.67,34.85,-13.2
20-February-2015,2665.0,2682.5,2648.0,2659.85,2668.171547714515,62350,5955,166360496.0,33842.0,54.28,34.5,-5.15
19-February-2015,2677.0,2701.85,2651.1,2667.2,2675.5687044237675,80497,9489,215375254.0,23804.0,29.57,50.75,-9.8
18-February-2015,2715.0,2748.0,2645.05,2663.45,2681.700558090996,906483,41653,2430915967.0,191831.0,21.16,102.95,-51.55
16-February-2015,2830.0,2859.9,2793.05,2806.25,2814.51685162351,19464,3857,54781756.0,7759.0,39.86,66.85,-23.75
13-February-2015,2845.0,2869.1,2814.8,2852.5,2842.5208471211117,21154,3622,60130686.0,5677.0,26.84,54.3,7.5
12-February-2015,2760.0,2817.0,2760.0,2805.35,2799.6808747220166,35074,5634,98196007.0,15651.0,44.62,57.0,45.35
11-February-2015,2724.35,2769.0,2700.0,2752.45,2736.4338302963365,43464,5628,118936360.0,20095.0,46.23,69.0,28.1
10-February-2015,2714.15,2750.0,2690.25,2720.65,2714.0059229238514,191966,9307,520996861.0,157883.0,82.25,59.75,6.5
9-February-2015,2767.0,2767.0,2705.2,2728.5,2726.910648188001,34851,5751,95035563.0,12711.0,36.47,61.8,-38.5
6-February-2015,2855.0,2855.0,2772.5,2779.5,2788.802748706845,66504,7463,185466538.0,28189.0,42.39,82.5,-75.5
5-February-2015,2829.0,2857.6,2825.25,2847.05,2844.5961223796735,64782,4753,184278626.0,45596.0,70.38,32.35,18.05
4-February-2015,2780.0,2863.0,2753.85,2829.9,2794.5631536489095,69418,8429,193992985.0,22104.0,31.84,109.15,49.9
3-February-2015,2848.65,2855.85,2793.6,2812.35,2813.5641342178064,67234,6428,189167171.0,32176.0,47.86,62.25,-36.3
2-February-2015,2874.5,2889.4,2815.0,2834.4,2843.326794279048,23143,4160,65803112.0,7544.0,32.6,74.4,-40.1
30-January-2015,2889.85,2937.0,2860.05,2869.55,2905.296063172351,26214,5073,76159431.0,5833.0,22.25,76.95,-20.3
29-January-2015,2864.5,2889.6,2863.55,2875.4,2880.2881890777953,15528,2533,44725115.0,5702.0,36.72,26.05,10.9
28-January-2015,2862.25,2895.0,2842.2,2865.45,2869.061803700157,19837,5358,56913579.0,8572.0,43.21,52.8,3.2
27-January-2015,2880.0,2880.0,2822.05,2856.7,2842.932852193996,17320,4549,49239597.0,7616.0,43.97,57.95,-23.3
23-January-2015,2844.0,2893.5,2844.0,2859.65,2866.4344981205627,21549,4124,61768797.0,8364.0,38.81,49.5,15.65
22-January-2015,2920.0,2920.0,2815.6,2838.15,2855.0271996215706,38052,6423,108639495.0,13533.0,35.56,104.4,-81.85
21-January-2015,2830.0,2895.75,2830.0,2876.5,2858.8245618938477,35779,6760,102285884.0,17309.0,48.38,65.75,46.5
20-January-2015,2859.0,2860.0,2797.2,2827.7,2824.009400826446,38720,8281,109345644.0,19272.0,49.77,62.8,-31.3
19-January-2015,2900.0,2920.55,2835.0,2841.75,2865.5654976066076,31963,6139,91592070.0,18489.0,57.85,85.55,-58.25
16-January-2015,2942.0,2954.75,2892.0,2896.85,2913.2399939357183,32980,6813,96078655.0,18554.0,56.26,62.75,-45.15
15-January-2015,2915.05,2965.0,2915.05,2950.25,2945.4259872175303,17524,2576,51615645.0,6266.0,35.76,49.95,35.2
14-January-2015,2882.55,2922.0,2882.55,2905.2,2898.8073317710073,41818,6790,121222325.0,22478.0,53.75,39.45,22.65
13-January-2015,2925.0,2957.75,2887.25,2893.7,2913.7757107089656,31553,6970,91938365.0,13311.0,42.19,70.5,-31.3
12-January-2015,2990.25,2990.25,2925.65,2936.2,2949.5487969957644,22901,3979,67547617.0,9013.0,39.36,64.6,-54.05
9-January-2015,3000.0,3010.0,2968.55,2993.15,2991.3476049173373,16513,3060,49396123.0,6163.0,37.32,41.45,-6.85
8-January-2015,2980.0,2998.65,2954.05,2984.45,2976.1535142459793,28043,4622,83460273.0,11150.0,39.76,44.6,4.45
7-January-2015,3005.0,3019.8,2967.05,2977.1,2987.555679287305,16164,3841,48290850.0,3726.0,23.05,52.75,-27.9
6-January-2015,3100.0,3100.0,3001.05,3011.8,3043.406582003262,20237,4573,61589419.0,6800.0,33.6,98.95,-88.2
5-January-2015,3100.0,3149.2,3098.55,3118.65,3127.4525399030804,29509,3586,92287997.0,8041.0,27.25,50.65,18.65
2-January-2015,3110.0,3117.8,3092.55,3097.75,3103.053846153846,9620,1976,29851378.0,2108.0,21.91,25.25,-12.25
1-January-2015,3100.0,3121.9,3081.6,3107.3,3101.609449501517,9228,1550,28621652.0,2482.0,26.9,40.3,7.3
